[     855ms] [ERROR] 加载 AppConfig 配置出错 @ https://res.wx.qq.com/d/tdocsJSAPI/latest/index.js:12
[     860ms] [LOG] tdocJSAPI 1.142.0 @ https://res.wx.qq.com/d/tdocsJSAPI/latest/index.js:36
[     860ms] [WARNING] document.domain mutation is ignored because the surrounding agent cluster is origin-keyed. @ https://doc.weixin.qq.com/doc/w3_AVcARQbxADcCNCAU7PjaSSXeg9vrI?scode=AEAAkAegAFMt3ehnv9AVcARQbxADc:0
[     955ms] [INFO] Connecting to 'https://rumt-zh.com/collect/pv?originFrom=https%3A%2F%2Fdoc.weixin.qq.com%2Fdoc%2Fw3_AVcARQbxADcCNCAU7PjaSSXeg9vrI%3Fscode%3DAEAAkAegAFMt3ehnv9AVcARQbxADc&id=bAUrIUljxTDCkitNtT&uin=&version=1.43.51&aid=bfd97240-7644-4899-8d01-970150b0f40f&env=production&platform=3&netType=4&vp=1036%20*%20747&sr=1536%20*%20960&sessionId=session-5c3cb91c3d814d1baec45524bfcf6202&from=https%3A%2F%2Fdoc.weixin.qq.com%2Fdoc%2Fw3_AVcARQbxADcCNCAU7PjaSSXeg9vrI%3Fscode%3DAEAAkAegAFMt3ehnv9AVcARQbxADc&referer=' violates the following Content Security Policy directive: "connect-src 'self' blob: https://doc.weixin.qq.com cube.weixinbridge.com badjs.weixinbridge.com *.url.cn *.qq.com *.gtimg.com *.idqqimg.com *.gtimg.cn cdn-go.cn *.cdn-go.cn *.tencentcs.com *.myqcloud.com *.tencent-cloud.com *.tencentsuite.com *.tencent.com *.qqmail.com *.woa.com *.picgzc.qpic.cn wdcdn.qpic.cn wework.qpic.cn mapstyle.qpic.cn wss://dts.docs.qq.com wss://docs.qq.com wss://doc.weixin.qq.com wss://drive.weixin.qq.com magiccube.rtxapp.com". The policy is report-only, so the violation has been logged but no further action has been taken. @ https://res.wx.qq.com/d/aegis/latest/aegis.min.js:9
[     956ms] [ERROR] Connecting to 'https://rumt-zh.com/collect/pv?originFrom=https%3A%2F%2Fdoc.weixin.qq.com%2Fdoc%2Fw3_AVcARQbxADcCNCAU7PjaSSXeg9vrI%3Fscode%3DAEAAkAegAFMt3ehnv9AVcARQbxADc&id=bAUrIUljxTDCkitNtT&uin=&version=1.43.51&aid=bfd97240-7644-4899-8d01-970150b0f40f&env=production&platform=3&netType=4&vp=1036%20*%20747&sr=1536%20*%20960&sessionId=session-5c3cb91c3d814d1baec45524bfcf6202&from=https%3A%2F%2Fdoc.weixin.qq.com%2Fdoc%2Fw3_AVcARQbxADcCNCAU7PjaSSXeg9vrI%3Fscode%3DAEAAkAegAFMt3ehnv9AVcARQbxADc&referer=' violates the following Content Security Policy directive: "connect-src 'self' blob: wss: *.url.cn *.qq.com *.gtimg.com *.idqqimg.com *.gtimg.cn cdn-go.cn *.cdn-go.cn *.tencentcs.com *.myqcloud.com *.tencent-cloud.com *.tencentsuite.com *.tencent.com *.qqmail.com *.woa.com *.qpic.cn static.speech.sogou.com cube.weixinbridge.com magiccube.rtxapp.com". The action has been blocked. @ https://res.wx.qq.com/d/aegis/latest/aegis.min.js:9
[    1353ms] [INFO] Connecting to 'https://rumt-zh.com/collect/whitelist?id=bAUrIUljxTDCkitNtT&uin=&version=1.43.51&aid=bfd97240-7644-4899-8d01-970150b0f40f&env=production&platform=3&netType=4&vp=1036%20*%20747&sr=1536%20*%20960&sessionId=session-5c3cb91c3d814d1baec45524bfcf6202&from=https%3A%2F%2Fdoc.weixin.qq.com%2Fdoc%2Fw3_AVcARQbxADcCNCAU7PjaSSXeg9vrI%3Fscode%3DAEAAkAegAFMt3ehnv9AVcARQbxADc&referer=' violates the following Content Security Policy directive: "connect-src 'self' blob: https://doc.weixin.qq.com cube.weixinbridge.com badjs.weixinbridge.com *.url.cn *.qq.com *.gtimg.com *.idqqimg.com *.gtimg.cn cdn-go.cn *.cdn-go.cn *.tencentcs.com *.myqcloud.com *.tencent-cloud.com *.tencentsuite.com *.tencent.com *.qqmail.com *.woa.com *.picgzc.qpic.cn wdcdn.qpic.cn wework.qpic.cn mapstyle.qpic.cn wss://dts.docs.qq.com wss://docs.qq.com wss://doc.weixin.qq.com wss://drive.weixin.qq.com magiccube.rtxapp.com". The policy is report-only, so the violation has been logged but no further action has been taken. @ https://res.wx.qq.com/d/aegis/latest/aegis.min.js:9
[    1354ms] [ERROR] Connecting to 'https://rumt-zh.com/collect/whitelist?id=bAUrIUljxTDCkitNtT&uin=&version=1.43.51&aid=bfd97240-7644-4899-8d01-970150b0f40f&env=production&platform=3&netType=4&vp=1036%20*%20747&sr=1536%20*%20960&sessionId=session-5c3cb91c3d814d1baec45524bfcf6202&from=https%3A%2F%2Fdoc.weixin.qq.com%2Fdoc%2Fw3_AVcARQbxADcCNCAU7PjaSSXeg9vrI%3Fscode%3DAEAAkAegAFMt3ehnv9AVcARQbxADc&referer=' violates the following Content Security Policy directive: "connect-src 'self' blob: wss: *.url.cn *.qq.com *.gtimg.com *.idqqimg.com *.gtimg.cn cdn-go.cn *.cdn-go.cn *.tencentcs.com *.myqcloud.com *.tencent-cloud.com *.tencentsuite.com *.tencent.com *.qqmail.com *.woa.com *.qpic.cn static.speech.sogou.com cube.weixinbridge.com magiccube.rtxapp.com". The action has been blocked. @ https://res.wx.qq.com/d/aegis/latest/aegis.min.js:9
[    2723ms] [LOG] setup onErrorChecker plugin @ https://res.wx.qq.com/d/blankpage/js/vendor_tbase-567673a8-1b4758.js:0
[    2723ms] [LOG] setup docCgiErrorChecker plugin @ https://res.wx.qq.com/d/blankpage/js/vendor_tbase-567673a8-1b4758.js:0
[    2723ms] [LOG] setup basicPerformanceReport plugin @ https://res.wx.qq.com/d/blankpage/js/vendor_tbase-567673a8-1b4758.js:0
[    2726ms] [LOG] xxx getResourceUrl [en-US, en, zh-CN] en-US @ https://res.wx.qq.com/d/blankpage/js/common_base-1bc399.js:0
[    3077ms] [LOG] load lng resources blankpage en-US @ https://res.wx.qq.com/d/blankpage/locales/en-US/blankpage.b7194e79001e690edcca.js:0
[    3806ms] [INFO] Connecting to 'https://rumt-zh.com/collect?from=https%3A%2F%2Fdoc.weixin.qq.com%2Fdoc%2Fw3_AVcARQbxADcCNCAU7PjaSSXeg9vrI%3Fscode%3DAEAAkAegAFMt3ehnv9AVcARQbxADc&id=bAUrIUljxTDCkitNtT&uin=&version=1.43.51&aid=bfd97240-7644-4899-8d01-970150b0f40f&env=production&platform=3&netType=4&vp=1036%20*%20747&sr=1536%20*%20960&sessionId=session-5c3cb91c3d814d1baec45524bfcf6202&referer=' violates the following Content Security Policy directive: "connect-src 'self' blob: https://doc.weixin.qq.com cube.weixinbridge.com badjs.weixinbridge.com *.url.cn *.qq.com *.gtimg.com *.idqqimg.com *.gtimg.cn cdn-go.cn *.cdn-go.cn *.tencentcs.com *.myqcloud.com *.tencent-cloud.com *.tencentsuite.com *.tencent.com *.qqmail.com *.woa.com *.picgzc.qpic.cn wdcdn.qpic.cn wework.qpic.cn mapstyle.qpic.cn wss://dts.docs.qq.com wss://docs.qq.com wss://doc.weixin.qq.com wss://drive.weixin.qq.com magiccube.rtxapp.com". The policy is report-only, so the violation has been logged but no further action has been taken. @ https://res.wx.qq.com/d/aegis/latest/aegis.min.js:9
[    3807ms] [ERROR] Connecting to 'https://rumt-zh.com/collect?from=https%3A%2F%2Fdoc.weixin.qq.com%2Fdoc%2Fw3_AVcARQbxADcCNCAU7PjaSSXeg9vrI%3Fscode%3DAEAAkAegAFMt3ehnv9AVcARQbxADc&id=bAUrIUljxTDCkitNtT&uin=&version=1.43.51&aid=bfd97240-7644-4899-8d01-970150b0f40f&env=production&platform=3&netType=4&vp=1036%20*%20747&sr=1536%20*%20960&sessionId=session-5c3cb91c3d814d1baec45524bfcf6202&referer=' violates the following Content Security Policy directive: "connect-src 'self' blob: wss: *.url.cn *.qq.com *.gtimg.com *.idqqimg.com *.gtimg.cn cdn-go.cn *.cdn-go.cn *.tencentcs.com *.myqcloud.com *.tencent-cloud.com *.tencentsuite.com *.tencent.com *.qqmail.com *.woa.com *.qpic.cn static.speech.sogou.com cube.weixinbridge.com magiccube.rtxapp.com". The action has been blocked. @ https://res.wx.qq.com/d/aegis/latest/aegis.min.js:9
[    3808ms] [INFO] Connecting to 'https://rumt-zh.com/speed?from=https%3A%2F%2Fdoc.weixin.qq.com%2Fdoc%2Fw3_AVcARQbxADcCNCAU7PjaSSXeg9vrI%3Fscode%3DAEAAkAegAFMt3ehnv9AVcARQbxADc&id=bAUrIUljxTDCkitNtT&uin=&version=1.43.51&aid=bfd97240-7644-4899-8d01-970150b0f40f&env=production&platform=3&netType=4&vp=1036%20*%20747&sr=1536%20*%20960&sessionId=session-5c3cb91c3d814d1baec45524bfcf6202&referer=' violates the following Content Security Policy directive: "connect-src 'self' blob: https://doc.weixin.qq.com cube.weixinbridge.com badjs.weixinbridge.com *.url.cn *.qq.com *.gtimg.com *.idqqimg.com *.gtimg.cn cdn-go.cn *.cdn-go.cn *.tencentcs.com *.myqcloud.com *.tencent-cloud.com *.tencentsuite.com *.tencent.com *.qqmail.com *.woa.com *.picgzc.qpic.cn wdcdn.qpic.cn wework.qpic.cn mapstyle.qpic.cn wss://dts.docs.qq.com wss://docs.qq.com wss://doc.weixin.qq.com wss://drive.weixin.qq.com magiccube.rtxapp.com". The policy is report-only, so the violation has been logged but no further action has been taken. @ https://res.wx.qq.com/d/aegis/latest/aegis.min.js:9
[    3808ms] [ERROR] Connecting to 'https://rumt-zh.com/speed?from=https%3A%2F%2Fdoc.weixin.qq.com%2Fdoc%2Fw3_AVcARQbxADcCNCAU7PjaSSXeg9vrI%3Fscode%3DAEAAkAegAFMt3ehnv9AVcARQbxADc&id=bAUrIUljxTDCkitNtT&uin=&version=1.43.51&aid=bfd97240-7644-4899-8d01-970150b0f40f&env=production&platform=3&netType=4&vp=1036%20*%20747&sr=1536%20*%20960&sessionId=session-5c3cb91c3d814d1baec45524bfcf6202&referer=' violates the following Content Security Policy directive: "connect-src 'self' blob: wss: *.url.cn *.qq.com *.gtimg.com *.idqqimg.com *.gtimg.cn cdn-go.cn *.cdn-go.cn *.tencentcs.com *.myqcloud.com *.tencent-cloud.com *.tencentsuite.com *.tencent.com *.qqmail.com *.woa.com *.qpic.cn static.speech.sogou.com cube.weixinbridge.com magiccube.rtxapp.com". The action has been blocked. @ https://res.wx.qq.com/d/aegis/latest/aegis.min.js:9
[    4454ms] [INFO] %c当前commit：release/ent_20260513_blankpage(9d9c0b08c)
 color: blue; @ https://res.wx.qq.com/d/blankpage/chunk/989-c68406.js:0
[    4849ms] [LOG] [2026-06-09T20:55:45.287] [DEBUG] [DDBase] - params erroro: jsonObj2Class @ https://res.wx.qq.com/d/blankpage/chunk/989-c68406.js:0
[    4856ms] [WARNING] 初始化拦截器-2.0 @ https://res.wx.qq.com/d/blankpage/chunk/989-c68406.js:0
[    4857ms] [INFO] ----- re add user index @ https://res.wx.qq.com/d/blankpage/chunk/989-c68406.js:0
[    4923ms] [ERROR] r: (Extension Error) Cannot find docs-component-app-promotion-top-banner extension in metadata!
    at e.value (https://res.wx.qq.com/d/blankpage/chunk/453-7bb7c7.js:6:1000654)
    at https://res.wx.qq.com/d/blankpage/chunk/453-7bb7c7.js:6:999964
    at Array.forEach (<anonymous>)
    at e.value (https://res.wx.qq.com/d/blankpage/chunk/453-7bb7c7.js:6:999906)
    at e.<anonymous> (https://res.wx.qq.com/d/blankpage/chunk/453-7bb7c7.js:6:997622)
    at d (https://res.wx.qq.com/d/blankpage/js/vendor_base-cdd60c62-d2291c.js:5:53595)
    at u.value (https://res.wx.qq.com/d/blankpage/js/vendor_base-cdd60c62-d2291c.js:5:53373)
    at Generator.next (https://res.wx.qq.com/d/blankpage/js/vendor_base-cdd60c62-d2291c.js:5:54001)
    at c (https://res.wx.qq.com/d/blankpage/js/vendor_base-059be3de-a9b860.js:1:74177) @ https://res.wx.qq.com/d/blankpage/chunk/989-c68406.js:0
[    4924ms] [ERROR] r: (Extension Error) Cannot find docs-component-record extension in metadata!
    at e.value (https://res.wx.qq.com/d/blankpage/chunk/453-7bb7c7.js:6:1000654)
    at https://res.wx.qq.com/d/blankpage/chunk/453-7bb7c7.js:6:999964
    at Array.forEach (<anonymous>)
    at e.value (https://res.wx.qq.com/d/blankpage/chunk/453-7bb7c7.js:6:999906)
    at e.<anonymous> (https://res.wx.qq.com/d/blankpage/chunk/453-7bb7c7.js:6:997622)
    at d (https://res.wx.qq.com/d/blankpage/js/vendor_base-cdd60c62-d2291c.js:5:53595)
    at u.value (https://res.wx.qq.com/d/blankpage/js/vendor_base-cdd60c62-d2291c.js:5:53373)
    at Generator.next (https://res.wx.qq.com/d/blankpage/js/vendor_base-cdd60c62-d2291c.js:5:54001)
    at c (https://res.wx.qq.com/d/blankpage/js/vendor_base-059be3de-a9b860.js:1:74177) @ https://res.wx.qq.com/d/blankpage/chunk/989-c68406.js:0
[    4924ms] [ERROR] r: (Extension Error) Cannot find docs-component-storage-overflow-alert extension in metadata!
    at e.value (https://res.wx.qq.com/d/blankpage/chunk/453-7bb7c7.js:6:1000654)
    at https://res.wx.qq.com/d/blankpage/chunk/453-7bb7c7.js:6:999964
    at Array.forEach (<anonymous>)
    at e.value (https://res.wx.qq.com/d/blankpage/chunk/453-7bb7c7.js:6:999906)
    at e.<anonymous> (https://res.wx.qq.com/d/blankpage/chunk/453-7bb7c7.js:6:997622)
    at d (https://res.wx.qq.com/d/blankpage/js/vendor_base-cdd60c62-d2291c.js:5:53595)
    at u.value (https://res.wx.qq.com/d/blankpage/js/vendor_base-cdd60c62-d2291c.js:5:53373)
    at Generator.next (https://res.wx.qq.com/d/blankpage/js/vendor_base-cdd60c62-d2291c.js:5:54001)
    at c (https://res.wx.qq.com/d/blankpage/js/vendor_base-059be3de-a9b860.js:1:74177) @ https://res.wx.qq.com/d/blankpage/chunk/989-c68406.js:0
[    5880ms] [INFO] Connecting to 'https://rumt-zh.com/collect/events?id=bAUrIUljxTDCkitNtT&uin=&version=1.43.51&aid=bfd97240-7644-4899-8d01-970150b0f40f&env=production&platform=3&netType=4&vp=1036%20*%20747&sr=1536%20*%20960&sessionId=session-5c3cb91c3d814d1baec45524bfcf6202&from=https%3A%2F%2Fdoc.weixin.qq.com%2Fdoc%2Fw3_AVcARQbxADcCNCAU7PjaSSXeg9vrI%3Fscode%3DAEAAkAegAFMt3ehnv9AVcARQbxADc&referer=' violates the following Content Security Policy directive: "connect-src 'self' blob: https://doc.weixin.qq.com cube.weixinbridge.com badjs.weixinbridge.com *.url.cn *.qq.com *.gtimg.com *.idqqimg.com *.gtimg.cn cdn-go.cn *.cdn-go.cn *.tencentcs.com *.myqcloud.com *.tencent-cloud.com *.tencentsuite.com *.tencent.com *.qqmail.com *.woa.com *.picgzc.qpic.cn wdcdn.qpic.cn wework.qpic.cn mapstyle.qpic.cn wss://dts.docs.qq.com wss://docs.qq.com wss://doc.weixin.qq.com wss://drive.weixin.qq.com magiccube.rtxapp.com". The policy is report-only, so the violation has been logged but no further action has been taken. @ https://res.wx.qq.com/d/aegis/latest/aegis.min.js:9
[    5880ms] [ERROR] Connecting to 'https://rumt-zh.com/collect/events?id=bAUrIUljxTDCkitNtT&uin=&version=1.43.51&aid=bfd97240-7644-4899-8d01-970150b0f40f&env=production&platform=3&netType=4&vp=1036%20*%20747&sr=1536%20*%20960&sessionId=session-5c3cb91c3d814d1baec45524bfcf6202&from=https%3A%2F%2Fdoc.weixin.qq.com%2Fdoc%2Fw3_AVcARQbxADcCNCAU7PjaSSXeg9vrI%3Fscode%3DAEAAkAegAFMt3ehnv9AVcARQbxADc&referer=' violates the following Content Security Policy directive: "connect-src 'self' blob: wss: *.url.cn *.qq.com *.gtimg.com *.idqqimg.com *.gtimg.cn cdn-go.cn *.cdn-go.cn *.tencentcs.com *.myqcloud.com *.tencent-cloud.com *.tencentsuite.com *.tencent.com *.qqmail.com *.woa.com *.qpic.cn static.speech.sogou.com cube.weixinbridge.com magiccube.rtxapp.com". The action has been blocked. @ https://res.wx.qq.com/d/aegis/latest/aegis.min.js:9
[    5962ms] [ERROR] Access to resource at 'https://report.idqqimg.com/node_b/zzsreport' from origin 'https://doc.weixin.qq.com' has been blocked by CORS policy: Response to preflight request doesn't pass access control check: No 'Access-Control-Allow-Origin' header is present on the requested resource. @ https://doc.weixin.qq.com/doc/w3_AVcARQbxADcCNCAU7PjaSSXeg9vrI?scode=AEAAkAegAFMt3ehnv9AVcARQbxADc:0
[    5962ms] [ERROR] Failed to load resource: net::ERR_FAILED @ https://report.idqqimg.com/node_b/zzsreport:0
[    6860ms] [INFO] Connecting to 'https://rumt-zh.com/speed?from=https%3A%2F%2Fdoc.weixin.qq.com%2Fdoc%2Fw3_AVcARQbxADcCNCAU7PjaSSXeg9vrI%3Fscode%3DAEAAkAegAFMt3ehnv9AVcARQbxADc&id=bAUrIUljxTDCkitNtT&uin=&version=1.43.51&aid=bfd97240-7644-4899-8d01-970150b0f40f&env=production&platform=3&netType=4&vp=1036%20*%20747&sr=1536%20*%20960&sessionId=session-5c3cb91c3d814d1baec45524bfcf6202&referer=' violates the following Content Security Policy directive: "connect-src 'self' blob: https://doc.weixin.qq.com cube.weixinbridge.com badjs.weixinbridge.com *.url.cn *.qq.com *.gtimg.com *.idqqimg.com *.gtimg.cn cdn-go.cn *.cdn-go.cn *.tencentcs.com *.myqcloud.com *.tencent-cloud.com *.tencentsuite.com *.tencent.com *.qqmail.com *.woa.com *.picgzc.qpic.cn wdcdn.qpic.cn wework.qpic.cn mapstyle.qpic.cn wss://dts.docs.qq.com wss://docs.qq.com wss://doc.weixin.qq.com wss://drive.weixin.qq.com magiccube.rtxapp.com". The policy is report-only, so the violation has been logged but no further action has been taken. @ https://res.wx.qq.com/d/aegis/latest/aegis.min.js:9
[    6860ms] [ERROR] Connecting to 'https://rumt-zh.com/speed?from=https%3A%2F%2Fdoc.weixin.qq.com%2Fdoc%2Fw3_AVcARQbxADcCNCAU7PjaSSXeg9vrI%3Fscode%3DAEAAkAegAFMt3ehnv9AVcARQbxADc&id=bAUrIUljxTDCkitNtT&uin=&version=1.43.51&aid=bfd97240-7644-4899-8d01-970150b0f40f&env=production&platform=3&netType=4&vp=1036%20*%20747&sr=1536%20*%20960&sessionId=session-5c3cb91c3d814d1baec45524bfcf6202&referer=' violates the following Content Security Policy directive: "connect-src 'self' blob: wss: *.url.cn *.qq.com *.gtimg.com *.idqqimg.com *.gtimg.cn cdn-go.cn *.cdn-go.cn *.tencentcs.com *.myqcloud.com *.tencent-cloud.com *.tencentsuite.com *.tencent.com *.qqmail.com *.woa.com *.qpic.cn static.speech.sogou.com cube.weixinbridge.com magiccube.rtxapp.com". The action has been blocked. @ https://res.wx.qq.com/d/aegis/latest/aegis.min.js:9
[    7296ms] [ERROR] 加载 AppConfig 配置出错 @ https://res.wx.qq.com/d/tdocsJSAPI/latest/index.js:12
[    7300ms] [LOG] tdocJSAPI 1.142.0 @ https://res.wx.qq.com/d/tdocsJSAPI/latest/index.js:36
[    7600ms] [ERROR] Failed to load resource: net::ERR_SSL_PROTOCOL_ERROR @ https://service-4y7r0fta-1251316161.gz.apigw.tencentcs.com/release/toggleProxy-1613409159:0
[    7601ms] Error: Network Error
    at t.exports (https://res.wx.qq.com/d/feature-components/tencent_docs_multi_tools-3fd512.js:1:41499)
    at m.onerror (https://res.wx.qq.com/d/feature-components/tencent_docs_multi_tools-3fd512.js:1:40306)
    at XMLHttpRequest.a (https://res.wx.qq.com/d/blankpage/chunk/989-c68406.js:1:9410)
[    8439ms] [WARNING] [ww-partner-login:client-message] missing handler {type: init} @ https://wwcdn.weixin.qq.com/node/wwlogin/wwlogin/mono/ww-partner-login/101.fada8db3f2a6c7eb917b.js:0
[    8609ms] [INFO] Connecting to 'https://rumt-zh.com/collect?from=https%3A%2F%2Fdoc.weixin.qq.com%2Fdoc%2Fw3_AVcARQbxADcCNCAU7PjaSSXeg9vrI%3Fscode%3DAEAAkAegAFMt3ehnv9AVcARQbxADc&id=bAUrIUljxTDCkitNtT&uin=&version=1.43.51&aid=bfd97240-7644-4899-8d01-970150b0f40f&env=production&platform=3&netType=4&vp=1036%20*%20747&sr=1536%20*%20960&sessionId=session-5c3cb91c3d814d1baec45524bfcf6202&referer=' violates the following Content Security Policy directive: "connect-src 'self' blob: https://doc.weixin.qq.com cube.weixinbridge.com badjs.weixinbridge.com *.url.cn *.qq.com *.gtimg.com *.idqqimg.com *.gtimg.cn cdn-go.cn *.cdn-go.cn *.tencentcs.com *.myqcloud.com *.tencent-cloud.com *.tencentsuite.com *.tencent.com *.qqmail.com *.woa.com *.picgzc.qpic.cn wdcdn.qpic.cn wework.qpic.cn mapstyle.qpic.cn wss://dts.docs.qq.com wss://docs.qq.com wss://doc.weixin.qq.com wss://drive.weixin.qq.com magiccube.rtxapp.com". The policy is report-only, so the violation has been logged but no further action has been taken. @ https://res.wx.qq.com/d/aegis/latest/aegis.min.js:9
[    8609ms] [ERROR] Connecting to 'https://rumt-zh.com/collect?from=https%3A%2F%2Fdoc.weixin.qq.com%2Fdoc%2Fw3_AVcARQbxADcCNCAU7PjaSSXeg9vrI%3Fscode%3DAEAAkAegAFMt3ehnv9AVcARQbxADc&id=bAUrIUljxTDCkitNtT&uin=&version=1.43.51&aid=bfd97240-7644-4899-8d01-970150b0f40f&env=production&platform=3&netType=4&vp=1036%20*%20747&sr=1536%20*%20960&sessionId=session-5c3cb91c3d814d1baec45524bfcf6202&referer=' violates the following Content Security Policy directive: "connect-src 'self' blob: wss: *.url.cn *.qq.com *.gtimg.com *.idqqimg.com *.gtimg.cn cdn-go.cn *.cdn-go.cn *.tencentcs.com *.myqcloud.com *.tencent-cloud.com *.tencentsuite.com *.tencent.com *.qqmail.com *.woa.com *.qpic.cn static.speech.sogou.com cube.weixinbridge.com magiccube.rtxapp.com". The action has been blocked. @ https://res.wx.qq.com/d/aegis/latest/aegis.min.js:9
[    8610ms] [INFO] Connecting to 'https://rumt-zh.com/speed?from=https%3A%2F%2Fdoc.weixin.qq.com%2Fdoc%2Fw3_AVcARQbxADcCNCAU7PjaSSXeg9vrI%3Fscode%3DAEAAkAegAFMt3ehnv9AVcARQbxADc&id=bAUrIUljxTDCkitNtT&uin=&version=1.43.51&aid=bfd97240-7644-4899-8d01-970150b0f40f&env=production&platform=3&netType=4&vp=1036%20*%20747&sr=1536%20*%20960&sessionId=session-5c3cb91c3d814d1baec45524bfcf6202&referer=' violates the following Content Security Policy directive: "connect-src 'self' blob: https://doc.weixin.qq.com cube.weixinbridge.com badjs.weixinbridge.com *.url.cn *.qq.com *.gtimg.com *.idqqimg.com *.gtimg.cn cdn-go.cn *.cdn-go.cn *.tencentcs.com *.myqcloud.com *.tencent-cloud.com *.tencentsuite.com *.tencent.com *.qqmail.com *.woa.com *.picgzc.qpic.cn wdcdn.qpic.cn wework.qpic.cn mapstyle.qpic.cn wss://dts.docs.qq.com wss://docs.qq.com wss://doc.weixin.qq.com wss://drive.weixin.qq.com magiccube.rtxapp.com". The policy is report-only, so the violation has been logged but no further action has been taken. @ https://res.wx.qq.com/d/aegis/latest/aegis.min.js:9
[    8610ms] [ERROR] Connecting to 'https://rumt-zh.com/speed?from=https%3A%2F%2Fdoc.weixin.qq.com%2Fdoc%2Fw3_AVcARQbxADcCNCAU7PjaSSXeg9vrI%3Fscode%3DAEAAkAegAFMt3ehnv9AVcARQbxADc&id=bAUrIUljxTDCkitNtT&uin=&version=1.43.51&aid=bfd97240-7644-4899-8d01-970150b0f40f&env=production&platform=3&netType=4&vp=1036%20*%20747&sr=1536%20*%20960&sessionId=session-5c3cb91c3d814d1baec45524bfcf6202&referer=' violates the following Content Security Policy directive: "connect-src 'self' blob: wss: *.url.cn *.qq.com *.gtimg.com *.idqqimg.com *.gtimg.cn cdn-go.cn *.cdn-go.cn *.tencentcs.com *.myqcloud.com *.tencent-cloud.com *.tencentsuite.com *.tencent.com *.qqmail.com *.woa.com *.qpic.cn static.speech.sogou.com cube.weixinbridge.com magiccube.rtxapp.com". The action has been blocked. @ https://res.wx.qq.com/d/aegis/latest/aegis.min.js:9
[   10385ms] [ERROR] [wecom-desktop/request] http://127.0.0.1:50000/checkLoginState error TypeError: Failed to fetch
    at window.fetch.window.fetch (https://wwcdn.weixin.qq.com/node/wwlogin/wwlogin/mono/ww-partner-login/797.66bdb4462716694b2833.js:1:39424)
    at https://wwcdn.weixin.qq.com/node/wwlogin/wwlogin/mono/ww-partner-login/101.fada8db3f2a6c7eb917b.js:1:144075
    at https://wwcdn.weixin.qq.com/node/wwlogin/wwlogin/mono/ww-partner-login/101.fada8db3f2a6c7eb917b.js:1:143360
    at Object.next (https://wwcdn.weixin.qq.com/node/wwlogin/wwlogin/mono/ww-partner-login/101.fada8db3f2a6c7eb917b.js:1:143465)
    at d (https://wwcdn.weixin.qq.com/node/wwlogin/wwlogin/mono/ww-partner-login/101.fada8db3f2a6c7eb917b.js:1:142112)
    at a (https://wwcdn.weixin.qq.com/node/wwlogin/wwlogin/mono/ww-partner-login/101.fada8db3f2a6c7eb917b.js:1:144489)
    at https://wwcdn.weixin.qq.com/node/wwlogin/wwlogin/mono/ww-partner-login/101.fada8db3f2a6c7eb917b.js:1:144548
    at new Promise (<anonymous>)
    at w (https://wwcdn.weixin.qq.com/node/wwlogin/wwlogin/mono/ww-partner-login/101.fada8db3f2a6c7eb917b.js:1:144430)
    at w (https://wwcdn.weixin.qq.com/node/wwlogin/wwlogin/mono/ww-partner-login/101.fada8db3f2a6c7eb917b.js:1:144562) @ https://wwcdn.weixin.qq.com/node/wwlogin/wwlogin/mono/ww-partner-login/101.fada8db3f2a6c7eb917b.js:0
[   10386ms] [ERROR] [wecom-desktop/request] https://localhost.work.weixin.qq.com:50011/checkLoginState error TypeError: Failed to fetch
    at window.fetch.window.fetch (https://wwcdn.weixin.qq.com/node/wwlogin/wwlogin/mono/ww-partner-login/797.66bdb4462716694b2833.js:1:39424)
    at https://wwcdn.weixin.qq.com/node/wwlogin/wwlogin/mono/ww-partner-login/101.fada8db3f2a6c7eb917b.js:1:144075
    at https://wwcdn.weixin.qq.com/node/wwlogin/wwlogin/mono/ww-partner-login/101.fada8db3f2a6c7eb917b.js:1:143360
    at Object.next (https://wwcdn.weixin.qq.com/node/wwlogin/wwlogin/mono/ww-partner-login/101.fada8db3f2a6c7eb917b.js:1:143465)
    at d (https://wwcdn.weixin.qq.com/node/wwlogin/wwlogin/mono/ww-partner-login/101.fada8db3f2a6c7eb917b.js:1:142112)
    at a (https://wwcdn.weixin.qq.com/node/wwlogin/wwlogin/mono/ww-partner-login/101.fada8db3f2a6c7eb917b.js:1:144489)
    at https://wwcdn.weixin.qq.com/node/wwlogin/wwlogin/mono/ww-partner-login/101.fada8db3f2a6c7eb917b.js:1:144548
    at new Promise (<anonymous>)
    at w (https://wwcdn.weixin.qq.com/node/wwlogin/wwlogin/mono/ww-partner-login/101.fada8db3f2a6c7eb917b.js:1:144430)
    at https://wwcdn.weixin.qq.com/node/wwlogin/wwlogin/mono/ww-partner-login/101.fada8db3f2a6c7eb917b.js:1:142281 @ https://wwcdn.weixin.qq.com/node/wwlogin/wwlogin/mono/ww-partner-login/101.fada8db3f2a6c7eb917b.js:0
[   10386ms] [ERROR] [wecom-desktop/request] https://localhost.work.weixin.qq.com:50010/checkLoginState error TypeError: Failed to fetch
    at window.fetch.window.fetch (https://wwcdn.weixin.qq.com/node/wwlogin/wwlogin/mono/ww-partner-login/797.66bdb4462716694b2833.js:1:39424)
    at https://wwcdn.weixin.qq.com/node/wwlogin/wwlogin/mono/ww-partner-login/101.fada8db3f2a6c7eb917b.js:1:144075
    at https://wwcdn.weixin.qq.com/node/wwlogin/wwlogin/mono/ww-partner-login/101.fada8db3f2a6c7eb917b.js:1:143360
    at Object.next (https://wwcdn.weixin.qq.com/node/wwlogin/wwlogin/mono/ww-partner-login/101.fada8db3f2a6c7eb917b.js:1:143465)
    at d (https://wwcdn.weixin.qq.com/node/wwlogin/wwlogin/mono/ww-partner-login/101.fada8db3f2a6c7eb917b.js:1:142112)
    at a (https://wwcdn.weixin.qq.com/node/wwlogin/wwlogin/mono/ww-partner-login/101.fada8db3f2a6c7eb917b.js:1:144489)
    at https://wwcdn.weixin.qq.com/node/wwlogin/wwlogin/mono/ww-partner-login/101.fada8db3f2a6c7eb917b.js:1:144548
    at new Promise (<anonymous>)
    at w (https://wwcdn.weixin.qq.com/node/wwlogin/wwlogin/mono/ww-partner-login/101.fada8db3f2a6c7eb917b.js:1:144430)
    at https://wwcdn.weixin.qq.com/node/wwlogin/wwlogin/mono/ww-partner-login/101.fada8db3f2a6c7eb917b.js:1:142281 @ https://wwcdn.weixin.qq.com/node/wwlogin/wwlogin/mono/ww-partner-login/101.fada8db3f2a6c7eb917b.js:0
[   10386ms] [ERROR] [wecom-desktop/request] https://localhost.work.weixin.qq.com:50012/checkLoginState error TypeError: Failed to fetch
    at window.fetch.window.fetch (https://wwcdn.weixin.qq.com/node/wwlogin/wwlogin/mono/ww-partner-login/797.66bdb4462716694b2833.js:1:39424)
    at https://wwcdn.weixin.qq.com/node/wwlogin/wwlogin/mono/ww-partner-login/101.fada8db3f2a6c7eb917b.js:1:144075
    at https://wwcdn.weixin.qq.com/node/wwlogin/wwlogin/mono/ww-partner-login/101.fada8db3f2a6c7eb917b.js:1:143360
    at Object.next (https://wwcdn.weixin.qq.com/node/wwlogin/wwlogin/mono/ww-partner-login/101.fada8db3f2a6c7eb917b.js:1:143465)
    at d (https://wwcdn.weixin.qq.com/node/wwlogin/wwlogin/mono/ww-partner-login/101.fada8db3f2a6c7eb917b.js:1:142112)
    at a (https://wwcdn.weixin.qq.com/node/wwlogin/wwlogin/mono/ww-partner-login/101.fada8db3f2a6c7eb917b.js:1:144489)
    at https://wwcdn.weixin.qq.com/node/wwlogin/wwlogin/mono/ww-partner-login/101.fada8db3f2a6c7eb917b.js:1:144548
    at new Promise (<anonymous>)
    at w (https://wwcdn.weixin.qq.com/node/wwlogin/wwlogin/mono/ww-partner-login/101.fada8db3f2a6c7eb917b.js:1:144430)
    at https://wwcdn.weixin.qq.com/node/wwlogin/wwlogin/mono/ww-partner-login/101.fada8db3f2a6c7eb917b.js:1:142281 @ https://wwcdn.weixin.qq.com/node/wwlogin/wwlogin/mono/ww-partner-login/101.fada8db3f2a6c7eb917b.js:0
[   10386ms] [ERROR] [wecom-desktop/request] http://127.0.0.1:50002/checkLoginState error TypeError: Failed to fetch
    at window.fetch.window.fetch (https://wwcdn.weixin.qq.com/node/wwlogin/wwlogin/mono/ww-partner-login/797.66bdb4462716694b2833.js:1:39424)
    at https://wwcdn.weixin.qq.com/node/wwlogin/wwlogin/mono/ww-partner-login/101.fada8db3f2a6c7eb917b.js:1:144075
    at https://wwcdn.weixin.qq.com/node/wwlogin/wwlogin/mono/ww-partner-login/101.fada8db3f2a6c7eb917b.js:1:143360
    at Object.next (https://wwcdn.weixin.qq.com/node/wwlogin/wwlogin/mono/ww-partner-login/101.fada8db3f2a6c7eb917b.js:1:143465)
    at d (https://wwcdn.weixin.qq.com/node/wwlogin/wwlogin/mono/ww-partner-login/101.fada8db3f2a6c7eb917b.js:1:142112)
    at a (https://wwcdn.weixin.qq.com/node/wwlogin/wwlogin/mono/ww-partner-login/101.fada8db3f2a6c7eb917b.js:1:144489)
    at https://wwcdn.weixin.qq.com/node/wwlogin/wwlogin/mono/ww-partner-login/101.fada8db3f2a6c7eb917b.js:1:144548
    at new Promise (<anonymous>)
    at w (https://wwcdn.weixin.qq.com/node/wwlogin/wwlogin/mono/ww-partner-login/101.fada8db3f2a6c7eb917b.js:1:144430)
    at https://wwcdn.weixin.qq.com/node/wwlogin/wwlogin/mono/ww-partner-login/101.fada8db3f2a6c7eb917b.js:1:142281 @ https://wwcdn.weixin.qq.com/node/wwlogin/wwlogin/mono/ww-partner-login/101.fada8db3f2a6c7eb917b.js:0
[   10386ms] [ERROR] [wecom-desktop/request] http://127.0.0.1:50001/checkLoginState error TypeError: Failed to fetch
    at window.fetch.window.fetch (https://wwcdn.weixin.qq.com/node/wwlogin/wwlogin/mono/ww-partner-login/797.66bdb4462716694b2833.js:1:39424)
    at https://wwcdn.weixin.qq.com/node/wwlogin/wwlogin/mono/ww-partner-login/101.fada8db3f2a6c7eb917b.js:1:144075
    at https://wwcdn.weixin.qq.com/node/wwlogin/wwlogin/mono/ww-partner-login/101.fada8db3f2a6c7eb917b.js:1:143360
    at Object.next (https://wwcdn.weixin.qq.com/node/wwlogin/wwlogin/mono/ww-partner-login/101.fada8db3f2a6c7eb917b.js:1:143465)
    at d (https://wwcdn.weixin.qq.com/node/wwlogin/wwlogin/mono/ww-partner-login/101.fada8db3f2a6c7eb917b.js:1:142112)
    at a (https://wwcdn.weixin.qq.com/node/wwlogin/wwlogin/mono/ww-partner-login/101.fada8db3f2a6c7eb917b.js:1:144489)
    at https://wwcdn.weixin.qq.com/node/wwlogin/wwlogin/mono/ww-partner-login/101.fada8db3f2a6c7eb917b.js:1:144548
    at new Promise (<anonymous>)
    at w (https://wwcdn.weixin.qq.com/node/wwlogin/wwlogin/mono/ww-partner-login/101.fada8db3f2a6c7eb917b.js:1:144430)
    at https://wwcdn.weixin.qq.com/node/wwlogin/wwlogin/mono/ww-partner-login/101.fada8db3f2a6c7eb917b.js:1:142281 @ https://wwcdn.weixin.qq.com/node/wwlogin/wwlogin/mono/ww-partner-login/101.fada8db3f2a6c7eb917b.js:0
[   12669ms] [INFO] Connecting to 'https://rumt-zh.com/speed?from=https%3A%2F%2Fdoc.weixin.qq.com%2Fdoc%2Fw3_AVcARQbxADcCNCAU7PjaSSXeg9vrI%3Fscode%3DAEAAkAegAFMt3ehnv9AVcARQbxADc&id=bAUrIUljxTDCkitNtT&uin=&version=1.43.51&aid=bfd97240-7644-4899-8d01-970150b0f40f&env=production&platform=3&netType=4&vp=1036%20*%20747&sr=1536%20*%20960&sessionId=session-5c3cb91c3d814d1baec45524bfcf6202&referer=' violates the following Content Security Policy directive: "connect-src 'self' blob: https://doc.weixin.qq.com cube.weixinbridge.com badjs.weixinbridge.com *.url.cn *.qq.com *.gtimg.com *.idqqimg.com *.gtimg.cn cdn-go.cn *.cdn-go.cn *.tencentcs.com *.myqcloud.com *.tencent-cloud.com *.tencentsuite.com *.tencent.com *.qqmail.com *.woa.com *.picgzc.qpic.cn wdcdn.qpic.cn wework.qpic.cn mapstyle.qpic.cn wss://dts.docs.qq.com wss://docs.qq.com wss://doc.weixin.qq.com wss://drive.weixin.qq.com magiccube.rtxapp.com". The policy is report-only, so the violation has been logged but no further action has been taken. @ https://res.wx.qq.com/d/aegis/latest/aegis.min.js:9
[   12669ms] [ERROR] Connecting to 'https://rumt-zh.com/speed?from=https%3A%2F%2Fdoc.weixin.qq.com%2Fdoc%2Fw3_AVcARQbxADcCNCAU7PjaSSXeg9vrI%3Fscode%3DAEAAkAegAFMt3ehnv9AVcARQbxADc&id=bAUrIUljxTDCkitNtT&uin=&version=1.43.51&aid=bfd97240-7644-4899-8d01-970150b0f40f&env=production&platform=3&netType=4&vp=1036%20*%20747&sr=1536%20*%20960&sessionId=session-5c3cb91c3d814d1baec45524bfcf6202&referer=' violates the following Content Security Policy directive: "connect-src 'self' blob: wss: *.url.cn *.qq.com *.gtimg.com *.idqqimg.com *.gtimg.cn cdn-go.cn *.cdn-go.cn *.tencentcs.com *.myqcloud.com *.tencent-cloud.com *.tencentsuite.com *.tencent.com *.qqmail.com *.woa.com *.qpic.cn static.speech.sogou.com cube.weixinbridge.com magiccube.rtxapp.com". The action has been blocked. @ https://res.wx.qq.com/d/aegis/latest/aegis.min.js:9
[   12875ms] [INFO] Connecting to 'https://rumt-zh.com/speed/performance?dnsLookup=0&tcp=115&ssl=115&ttfb=183&contentDownload=6&domParse=546&resourceDownload=1070&firstScreenTiming=4876&from=https%3A%2F%2Fdoc.weixin.qq.com%2Fdoc%2Fw3_AVcARQbxADcCNCAU7PjaSSXeg9vrI%3Fscode%3DAEAAkAegAFMt3ehnv9AVcARQbxADc&id=bAUrIUljxTDCkitNtT&uin=&version=1.43.51&aid=bfd97240-7644-4899-8d01-970150b0f40f&env=production&platform=3&netType=4&vp=1036%20*%20747&sr=1536%20*%20960&sessionId=session-5c3cb91c3d814d1baec45524bfcf6202&referer=&' violates the following Content Security Policy directive: "connect-src 'self' blob: https://doc.weixin.qq.com cube.weixinbridge.com badjs.weixinbridge.com *.url.cn *.qq.com *.gtimg.com *.idqqimg.com *.gtimg.cn cdn-go.cn *.cdn-go.cn *.tencentcs.com *.myqcloud.com *.tencent-cloud.com *.tencentsuite.com *.tencent.com *.qqmail.com *.woa.com *.picgzc.qpic.cn wdcdn.qpic.cn wework.qpic.cn mapstyle.qpic.cn wss://dts.docs.qq.com wss://docs.qq.com wss://doc.weixin.qq.com wss://drive.weixin.qq.com magiccube.rtxapp.com". The policy is report-only, so the violation has been logged but no further action has been taken. @ https://res.wx.qq.com/d/aegis/latest/aegis.min.js:9
[   12875ms] [ERROR] Connecting to 'https://rumt-zh.com/speed/performance?dnsLookup=0&tcp=115&ssl=115&ttfb=183&contentDownload=6&domParse=546&resourceDownload=1070&firstScreenTiming=4876&from=https%3A%2F%2Fdoc.weixin.qq.com%2Fdoc%2Fw3_AVcARQbxADcCNCAU7PjaSSXeg9vrI%3Fscode%3DAEAAkAegAFMt3ehnv9AVcARQbxADc&id=bAUrIUljxTDCkitNtT&uin=&version=1.43.51&aid=bfd97240-7644-4899-8d01-970150b0f40f&env=production&platform=3&netType=4&vp=1036%20*%20747&sr=1536%20*%20960&sessionId=session-5c3cb91c3d814d1baec45524bfcf6202&referer=&' violates the following Content Security Policy directive: "connect-src 'self' blob: wss: *.url.cn *.qq.com *.gtimg.com *.idqqimg.com *.gtimg.cn cdn-go.cn *.cdn-go.cn *.tencentcs.com *.myqcloud.com *.tencent-cloud.com *.tencentsuite.com *.tencent.com *.qqmail.com *.woa.com *.qpic.cn static.speech.sogou.com cube.weixinbridge.com magiccube.rtxapp.com". The action has been blocked. @ https://res.wx.qq.com/d/aegis/latest/aegis.min.js:9
[   13744ms] [INFO] Connecting to 'https://rumt-zh.com/speed?from=https%3A%2F%2Fdoc.weixin.qq.com%2Fdoc%2Fw3_AVcARQbxADcCNCAU7PjaSSXeg9vrI%3Fscode%3DAEAAkAegAFMt3ehnv9AVcARQbxADc&id=bAUrIUljxTDCkitNtT&uin=&version=1.43.51&aid=bfd97240-7644-4899-8d01-970150b0f40f&env=production&platform=3&netType=4&vp=1036%20*%20747&sr=1536%20*%20960&sessionId=session-5c3cb91c3d814d1baec45524bfcf6202&referer=' violates the following Content Security Policy directive: "connect-src 'self' blob: https://doc.weixin.qq.com cube.weixinbridge.com badjs.weixinbridge.com *.url.cn *.qq.com *.gtimg.com *.idqqimg.com *.gtimg.cn cdn-go.cn *.cdn-go.cn *.tencentcs.com *.myqcloud.com *.tencent-cloud.com *.tencentsuite.com *.tencent.com *.qqmail.com *.woa.com *.picgzc.qpic.cn wdcdn.qpic.cn wework.qpic.cn mapstyle.qpic.cn wss://dts.docs.qq.com wss://docs.qq.com wss://doc.weixin.qq.com wss://drive.weixin.qq.com magiccube.rtxapp.com". The policy is report-only, so the violation has been logged but no further action has been taken. @ https://res.wx.qq.com/d/aegis/latest/aegis.min.js:9
[   13744ms] [ERROR] Connecting to 'https://rumt-zh.com/speed?from=https%3A%2F%2Fdoc.weixin.qq.com%2Fdoc%2Fw3_AVcARQbxADcCNCAU7PjaSSXeg9vrI%3Fscode%3DAEAAkAegAFMt3ehnv9AVcARQbxADc&id=bAUrIUljxTDCkitNtT&uin=&version=1.43.51&aid=bfd97240-7644-4899-8d01-970150b0f40f&env=production&platform=3&netType=4&vp=1036%20*%20747&sr=1536%20*%20960&sessionId=session-5c3cb91c3d814d1baec45524bfcf6202&referer=' violates the following Content Security Policy directive: "connect-src 'self' blob: wss: *.url.cn *.qq.com *.gtimg.com *.idqqimg.com *.gtimg.cn cdn-go.cn *.cdn-go.cn *.tencentcs.com *.myqcloud.com *.tencent-cloud.com *.tencentsuite.com *.tencent.com *.qqmail.com *.woa.com *.qpic.cn static.speech.sogou.com cube.weixinbridge.com magiccube.rtxapp.com". The action has been blocked. @ https://res.wx.qq.com/d/aegis/latest/aegis.min.js:9
[   14819ms] [INFO] Connecting to 'https://rumt-zh.com/speed?from=https%3A%2F%2Fdoc.weixin.qq.com%2Fdoc%2Fw3_AVcARQbxADcCNCAU7PjaSSXeg9vrI%3Fscode%3DAEAAkAegAFMt3ehnv9AVcARQbxADc&id=bAUrIUljxTDCkitNtT&uin=&version=1.43.51&aid=bfd97240-7644-4899-8d01-970150b0f40f&env=production&platform=3&netType=4&vp=1036%20*%20747&sr=1536%20*%20960&sessionId=session-5c3cb91c3d814d1baec45524bfcf6202&referer=' violates the following Content Security Policy directive: "connect-src 'self' blob: https://doc.weixin.qq.com cube.weixinbridge.com badjs.weixinbridge.com *.url.cn *.qq.com *.gtimg.com *.idqqimg.com *.gtimg.cn cdn-go.cn *.cdn-go.cn *.tencentcs.com *.myqcloud.com *.tencent-cloud.com *.tencentsuite.com *.tencent.com *.qqmail.com *.woa.com *.picgzc.qpic.cn wdcdn.qpic.cn wework.qpic.cn mapstyle.qpic.cn wss://dts.docs.qq.com wss://docs.qq.com wss://doc.weixin.qq.com wss://drive.weixin.qq.com magiccube.rtxapp.com". The policy is report-only, so the violation has been logged but no further action has been taken. @ https://res.wx.qq.com/d/aegis/latest/aegis.min.js:9
[   14819ms] [ERROR] Connecting to 'https://rumt-zh.com/speed?from=https%3A%2F%2Fdoc.weixin.qq.com%2Fdoc%2Fw3_AVcARQbxADcCNCAU7PjaSSXeg9vrI%3Fscode%3DAEAAkAegAFMt3ehnv9AVcARQbxADc&id=bAUrIUljxTDCkitNtT&uin=&version=1.43.51&aid=bfd97240-7644-4899-8d01-970150b0f40f&env=production&platform=3&netType=4&vp=1036%20*%20747&sr=1536%20*%20960&sessionId=session-5c3cb91c3d814d1baec45524bfcf6202&referer=' violates the following Content Security Policy directive: "connect-src 'self' blob: wss: *.url.cn *.qq.com *.gtimg.com *.idqqimg.com *.gtimg.cn cdn-go.cn *.cdn-go.cn *.tencentcs.com *.myqcloud.com *.tencent-cloud.com *.tencentsuite.com *.tencent.com *.qqmail.com *.woa.com *.qpic.cn static.speech.sogou.com cube.weixinbridge.com magiccube.rtxapp.com". The action has been blocked. @ https://res.wx.qq.com/d/aegis/latest/aegis.min.js:9
[   15914ms] [INFO] Connecting to 'https://rumt-zh.com/speed?from=https%3A%2F%2Fdoc.weixin.qq.com%2Fdoc%2Fw3_AVcARQbxADcCNCAU7PjaSSXeg9vrI%3Fscode%3DAEAAkAegAFMt3ehnv9AVcARQbxADc&id=bAUrIUljxTDCkitNtT&uin=&version=1.43.51&aid=bfd97240-7644-4899-8d01-970150b0f40f&env=production&platform=3&netType=4&vp=1036%20*%20747&sr=1536%20*%20960&sessionId=session-5c3cb91c3d814d1baec45524bfcf6202&referer=' violates the following Content Security Policy directive: "connect-src 'self' blob: https://doc.weixin.qq.com cube.weixinbridge.com badjs.weixinbridge.com *.url.cn *.qq.com *.gtimg.com *.idqqimg.com *.gtimg.cn cdn-go.cn *.cdn-go.cn *.tencentcs.com *.myqcloud.com *.tencent-cloud.com *.tencentsuite.com *.tencent.com *.qqmail.com *.woa.com *.picgzc.qpic.cn wdcdn.qpic.cn wework.qpic.cn mapstyle.qpic.cn wss://dts.docs.qq.com wss://docs.qq.com wss://doc.weixin.qq.com wss://drive.weixin.qq.com magiccube.rtxapp.com". The policy is report-only, so the violation has been logged but no further action has been taken. @ https://res.wx.qq.com/d/aegis/latest/aegis.min.js:9
[   15914ms] [ERROR] Connecting to 'https://rumt-zh.com/speed?from=https%3A%2F%2Fdoc.weixin.qq.com%2Fdoc%2Fw3_AVcARQbxADcCNCAU7PjaSSXeg9vrI%3Fscode%3DAEAAkAegAFMt3ehnv9AVcARQbxADc&id=bAUrIUljxTDCkitNtT&uin=&version=1.43.51&aid=bfd97240-7644-4899-8d01-970150b0f40f&env=production&platform=3&netType=4&vp=1036%20*%20747&sr=1536%20*%20960&sessionId=session-5c3cb91c3d814d1baec45524bfcf6202&referer=' violates the following Content Security Policy directive: "connect-src 'self' blob: wss: *.url.cn *.qq.com *.gtimg.com *.idqqimg.com *.gtimg.cn cdn-go.cn *.cdn-go.cn *.tencentcs.com *.myqcloud.com *.tencent-cloud.com *.tencentsuite.com *.tencent.com *.qqmail.com *.woa.com *.qpic.cn static.speech.sogou.com cube.weixinbridge.com magiccube.rtxapp.com". The action has been blocked. @ https://res.wx.qq.com/d/aegis/latest/aegis.min.js:9
[   15989ms] [ERROR] Connecting to 'https://rumt-zh.com/speed/webvitals?FCP=5260&LCP=5260&FID=1.6000000005587935&CLS=-1&INP=-1&TTI=-1&from=https%3A%2F%2Fdoc.weixin.qq.com%2Fdoc%2Fw3_AVcARQbxADcCNCAU7PjaSSXeg9vrI%3Fscode%3DAEAAkAegAFMt3ehnv9AVcARQbxADc&id=bAUrIUljxTDCkitNtT&uin=&version=1.43.51&aid=bfd97240-7644-4899-8d01-970150b0f40f&env=production&platform=3&netType=4&vp=1036%20*%20747&sr=1536%20*%20960&sessionId=session-5c3cb91c3d814d1baec45524bfcf6202&referer=' violates the following Content Security Policy directive: "connect-src 'self' blob: wss: *.url.cn *.qq.com *.gtimg.com *.idqqimg.com *.gtimg.cn cdn-go.cn *.cdn-go.cn *.tencentcs.com *.myqcloud.com *.tencent-cloud.com *.tencentsuite.com *.tencent.com *.qqmail.com *.woa.com *.qpic.cn static.speech.sogou.com cube.weixinbridge.com magiccube.rtxapp.com". The action has been blocked. @ https://res.wx.qq.com/d/aegis/latest/aegis.min.js:9
[   15989ms] [INFO] Connecting to 'https://rumt-zh.com/speed/webvitals?FCP=5260&LCP=5260&FID=1.6000000005587935&CLS=-1&INP=-1&TTI=-1&from=https%3A%2F%2Fdoc.weixin.qq.com%2Fdoc%2Fw3_AVcARQbxADcCNCAU7PjaSSXeg9vrI%3Fscode%3DAEAAkAegAFMt3ehnv9AVcARQbxADc&id=bAUrIUljxTDCkitNtT&uin=&version=1.43.51&aid=bfd97240-7644-4899-8d01-970150b0f40f&env=production&platform=3&netType=4&vp=1036%20*%20747&sr=1536%20*%20960&sessionId=session-5c3cb91c3d814d1baec45524bfcf6202&referer=' violates the following Content Security Policy directive: "connect-src 'self' blob: https://doc.weixin.qq.com cube.weixinbridge.com badjs.weixinbridge.com *.url.cn *.qq.com *.gtimg.com *.idqqimg.com *.gtimg.cn cdn-go.cn *.cdn-go.cn *.tencentcs.com *.myqcloud.com *.tencent-cloud.com *.tencentsuite.com *.tencent.com *.qqmail.com *.woa.com *.picgzc.qpic.cn wdcdn.qpic.cn wework.qpic.cn mapstyle.qpic.cn wss://dts.docs.qq.com wss://docs.qq.com wss://doc.weixin.qq.com wss://drive.weixin.qq.com magiccube.rtxapp.com". The policy is report-only, so the violation has been logged but no further action has been taken. @ https://res.wx.qq.com/d/aegis/latest/aegis.min.js:9
[   16419ms] [ERROR] Connecting to 'https://rumt-zh.com/speed?from=https%3A%2F%2Fdoc.weixin.qq.com%2Fdoc%2Fw3_AVcARQbxADcCNCAU7PjaSSXeg9vrI%3Fscode%3DAEAAkAegAFMt3ehnv9AVcARQbxADc&id=bAUrIUljxTDCkitNtT&uin=&version=1.43.51&aid=bfd97240-7644-4899-8d01-970150b0f40f&env=production&platform=3&netType=4&vp=1036%20*%20747&sr=1536%20*%20960&sessionId=session-5c3cb91c3d814d1baec45524bfcf6202&referer=' violates the following Content Security Policy directive: "connect-src 'self' blob: wss: *.url.cn *.qq.com *.gtimg.com *.idqqimg.com *.gtimg.cn cdn-go.cn *.cdn-go.cn *.tencentcs.com *.myqcloud.com *.tencent-cloud.com *.tencentsuite.com *.tencent.com *.qqmail.com *.woa.com *.qpic.cn static.speech.sogou.com cube.weixinbridge.com magiccube.rtxapp.com". The action has been blocked. @ https://res.wx.qq.com/d/aegis/latest/aegis.min.js:9
[   16420ms] [INFO] Connecting to 'https://rumt-zh.com/speed?from=https%3A%2F%2Fdoc.weixin.qq.com%2Fdoc%2Fw3_AVcARQbxADcCNCAU7PjaSSXeg9vrI%3Fscode%3DAEAAkAegAFMt3ehnv9AVcARQbxADc&id=bAUrIUljxTDCkitNtT&uin=&version=1.43.51&aid=bfd97240-7644-4899-8d01-970150b0f40f&env=production&platform=3&netType=4&vp=1036%20*%20747&sr=1536%20*%20960&sessionId=session-5c3cb91c3d814d1baec45524bfcf6202&referer=' violates the following Content Security Policy directive: "connect-src 'self' blob: https://doc.weixin.qq.com cube.weixinbridge.com badjs.weixinbridge.com *.url.cn *.qq.com *.gtimg.com *.idqqimg.com *.gtimg.cn cdn-go.cn *.cdn-go.cn *.tencentcs.com *.myqcloud.com *.tencent-cloud.com *.tencentsuite.com *.tencent.com *.qqmail.com *.woa.com *.picgzc.qpic.cn wdcdn.qpic.cn wework.qpic.cn mapstyle.qpic.cn wss://dts.docs.qq.com wss://docs.qq.com wss://doc.weixin.qq.com wss://drive.weixin.qq.com magiccube.rtxapp.com". The policy is report-only, so the violation has been logged but no further action has been taken. @ https://res.wx.qq.com/d/aegis/latest/aegis.min.js:9
[   16433ms] [LOG] is in a normal environment without set domain @ https://doc.weixin.qq.com/doc/w3_AVcARQbxADcCNCAU7PjaSSXeg9vrI?scode=AEAAkAegAFMt3ehnv9AVcARQbxADc:0
[   16494ms] [ERROR] 加载 AppConfig 配置出错 @ https://res.wx.qq.com/d/tdocsJSAPI/latest/index.js:12
[   16496ms] [LOG] tdocJSAPI 1.142.0 @ https://res.wx.qq.com/d/tdocsJSAPI/latest/index.js:36
[   16654ms] [WARNING] preload_db_data failed dont support store @ https://doc.weixin.qq.com/doc/w3_AVcARQbxADcCNCAU7PjaSSXeg9vrI?scode=AEAAkAegAFMt3ehnv9AVcARQbxADc:0
[   16661ms] [WARNING] =====bigfont init===== undefined @ https://doc.weixin.qq.com/doc/w3_AVcARQbxADcCNCAU7PjaSSXeg9vrI?scode=AEAAkAegAFMt3ehnv9AVcARQbxADc:6
[   16662ms] [LOG] start freeze wheel event @ https://doc.weixin.qq.com/doc/w3_AVcARQbxADcCNCAU7PjaSSXeg9vrI?scode=AEAAkAegAFMt3ehnv9AVcARQbxADc:6
[   16671ms] [WARNING] ======isapi==== function(){return!1} false @ https://doc.weixin.qq.com/doc/w3_AVcARQbxADcCNCAU7PjaSSXeg9vrI?scode=AEAAkAegAFMt3ehnv9AVcARQbxADc:6
[   16712ms] [ERROR] Executing inline script violates the following Content Security Policy directive 'script-src 'nonce-7a59925dd2a3' 'unsafe-hashes' 'sha256-i+qr4lq34KgNHiW62lWi9aInEBwiEOrfCzaNPCvkqD8=' 'unsafe-inline' 'self' 'unsafe-eval' blob: *.url.cn *.qq.com *.gtimg.com *.idqqimg.com *.gtimg.cn cdn-go.cn *.cdn-go.cn *.tencentcs.com *.myqcloud.com *.tencent-cloud.com *.tencentsuite.com *.tencent.com *.qqmail.com *.woa.com magiccube.rtxapp.com'. Note that 'unsafe-inline' is ignored if either a hash or nonce value is present in the source list. The action has been blocked. @ https://doc.weixin.qq.com/doc/w3_AVcARQbxADcCNCAU7PjaSSXeg9vrI?scode=AEAAkAegAFMt3ehnv9AVcARQbxADc:7
[   16712ms] [INFO] Executing inline script violates the following Content Security Policy directive 'script-src 'nonce-7a59925dd2a3' 'unsafe-hashes' 'sha256-i+qr4lq34KgNHiW62lWi9aInEBwiEOrfCzaNPCvkqD8=' 'unsafe-inline' 'self' 'unsafe-eval' blob: *.cdn-go.cn *.url.cn *.qq.com *.gtimg.com *.idqqimg.com *.gtimg.cn *.qqmail.com *.woa.com magiccube.rtxapp.com'. Note that 'unsafe-inline' is ignored if either a hash or nonce value is present in the source list. The policy is report-only, so the violation has been logged but no further action has been taken. @ https://doc.weixin.qq.com/doc/w3_AVcARQbxADcCNCAU7PjaSSXeg9vrI?scode=AEAAkAegAFMt3ehnv9AVcARQbxADc:7
[   16712ms] [ERROR] Executing inline script violates the following Content Security Policy directive 'script-src 'nonce-7a59925dd2a3' 'unsafe-hashes' 'sha256-i+qr4lq34KgNHiW62lWi9aInEBwiEOrfCzaNPCvkqD8=' 'unsafe-inline' 'self' 'unsafe-eval' blob: *.url.cn *.qq.com *.gtimg.com *.idqqimg.com *.gtimg.cn cdn-go.cn *.cdn-go.cn *.tencentcs.com *.myqcloud.com *.tencent-cloud.com *.tencentsuite.com *.tencent.com *.qqmail.com *.woa.com magiccube.rtxapp.com'. Note that 'unsafe-inline' is ignored if either a hash or nonce value is present in the source list. The action has been blocked. @ https://doc.weixin.qq.com/doc/w3_AVcARQbxADcCNCAU7PjaSSXeg9vrI?scode=AEAAkAegAFMt3ehnv9AVcARQbxADc:40
[   16713ms] [INFO] Executing inline script violates the following Content Security Policy directive 'script-src 'nonce-7a59925dd2a3' 'unsafe-hashes' 'sha256-i+qr4lq34KgNHiW62lWi9aInEBwiEOrfCzaNPCvkqD8=' 'unsafe-inline' 'self' 'unsafe-eval' blob: *.cdn-go.cn *.url.cn *.qq.com *.gtimg.com *.idqqimg.com *.gtimg.cn *.qqmail.com *.woa.com magiccube.rtxapp.com'. Note that 'unsafe-inline' is ignored if either a hash or nonce value is present in the source list. The policy is report-only, so the violation has been logged but no further action has been taken. @ https://doc.weixin.qq.com/doc/w3_AVcARQbxADcCNCAU7PjaSSXeg9vrI?scode=AEAAkAegAFMt3ehnv9AVcARQbxADc:40
[   16791ms] [ERROR] TypeError: Cannot set properties of undefined (setting 'WBSSR_SUCCESS')
    at https://doc.weixin.qq.com/doc/w3_AVcARQbxADcCNCAU7PjaSSXeg9vrI?scode=AEAAkAegAFMt3ehnv9AVcARQbxADc:253:95255
    at https://doc.weixin.qq.com/doc/w3_AVcARQbxADcCNCAU7PjaSSXeg9vrI?scode=AEAAkAegAFMt3ehnv9AVcARQbxADc:253:95287 @ https://doc.weixin.qq.com/doc/w3_AVcARQbxADcCNCAU7PjaSSXeg9vrI?scode=AEAAkAegAFMt3ehnv9AVcARQbxADc:252
[   16865ms] [LOG] initAppConfig success {disabledMobileNotify: true, disabledMobileEntry: true, supportCommentPlacement: true, top: 48, showTopBorder: true} @ https://res.wx.qq.com/d/discussion-ext/latest/discussion-ext-5.release.pc.js?disabledMobileNotify=true&supportCommentPlacement=true&top=48&showTopBorder=true&disabledMobileEntry=true:1
[   17050ms] [LOG] [discussion-ext] 20:55:57.488 [buildInitShowData] initMessage normal  @ https://res.wx.qq.com/d/discussion-ext/latest/discussion-ext-5.release.pc.js?disabledMobileNotify=true&supportCommentPlacement=true&top=48&showTopBorder=true&disabledMobileEntry=true:1
[   17050ms] [LOG] [discussion-ext] 20:55:57.488 [buildInitShowData] tab no initMessage {"tab":"none","initTab":""} @ https://res.wx.qq.com/d/discussion-ext/latest/discussion-ext-5.release.pc.js?disabledMobileNotify=true&supportCommentPlacement=true&top=48&showTopBorder=true&disabledMobileEntry=true:1
[   17050ms] [LOG] [discussion-ext] 20:55:57.488 Get params from url success! {"hideInput":false,"docId":"w3_AVcARQbxADcCNCAU7PjaSSXeg9vrI","docTitle":"","scode":"AEAAkAegAFMt3ehnv9AVcARQbxADc","viewingUsers":[],"collabUsers":null,"collabUserCount":null,"collabScaledDocConfig":null,"type":0,"userInfo":{"corpName":"","vid":"","auth":2},"canModifyAuth":false,"hasSheetRangeAuth":false,"minibarBottom":null,"top":48,"right":0,"bottom":0,"showTemplate":false,"msgId":null,"msgType":null,"canComment":true,"canReadComment":null,"canEdit":true,"docFrozen":false,"isOOXML":false,"bottomBarSsrElementId":"pre-bottom-bar","isUrlFormAdmin":false,"needAnimation":true,"templateId":"","isError":false,"supportFace":false,"tab":"none","chatReportItemName":"","layoutBorderTop":"1px solid rgba(6, 14, 26, 0.07)","bottomBarShow":true,"ignoreInitMessage":false,"bottomBarDisableEntry":false,"showSSPermission":false} @ https://res.wx.qq.com/d/discussion-ext/latest/discussion-ext-5.release.pc.js?disabledMobileNotify=true&supportCommentPlacement=true&top=48&showTopBorder=true&disabledMobileEntry=true:1
[   17055ms] [LOG] [discussion-ext] 20:55:57.492 [buildInitShowData] initMessage normal  @ https://res.wx.qq.com/d/discussion-ext/latest/discussion-ext-5.release.pc.js?disabledMobileNotify=true&supportCommentPlacement=true&top=48&showTopBorder=true&disabledMobileEntry=true:1
[   17055ms] [LOG] [discussion-ext] 20:55:57.494 [buildInitShowData] tab no initMessage {"tab":"none","initTab":""} @ https://res.wx.qq.com/d/discussion-ext/latest/discussion-ext-5.release.pc.js?disabledMobileNotify=true&supportCommentPlacement=true&top=48&showTopBorder=true&disabledMobileEntry=true:1
[   17055ms] [LOG] [discussion-ext] 20:55:57.494 Get params from url success! {"hideInput":false,"docId":"w3_AVcARQbxADcCNCAU7PjaSSXeg9vrI","docTitle":"","scode":"AEAAkAegAFMt3ehnv9AVcARQbxADc","viewingUsers":[],"collabUsers":null,"collabUserCount":null,"collabScaledDocConfig":null,"type":0,"userInfo":{"corpName":"","vid":"","auth":2},"canModifyAuth":false,"hasSheetRangeAuth":false,"minibarBottom":null,"top":48,"right":0,"bottom":0,"showTemplate":false,"msgId":null,"msgType":null,"canComment":true,"canReadComment":null,"canEdit":true,"docFrozen":false,"isOOXML":false,"bottomBarSsrElementId":"pre-bottom-bar","isUrlFormAdmin":false,"needAnimation":true,"templateId":"","isError":false,"supportFace":false,"tab":"none","chatReportItemName":"","layoutBorderTop":"1px solid rgba(6, 14, 26, 0.07)","bottomBarShow":true,"ignoreInitMessage":false,"bottomBarDisableEntry":false,"showSSPermission":false} @ https://res.wx.qq.com/d/discussion-ext/latest/discussion-ext-5.release.pc.js?disabledMobileNotify=true&supportCommentPlacement=true&top=48&showTopBorder=true&disabledMobileEntry=true:1
[   17056ms] [LOG] [discussion-ext] 20:55:57.494 [buildInitShowData] initMessage normal  @ https://res.wx.qq.com/d/discussion-ext/latest/discussion-ext-5.release.pc.js?disabledMobileNotify=true&supportCommentPlacement=true&top=48&showTopBorder=true&disabledMobileEntry=true:1
[   17056ms] [LOG] [discussion-ext] 20:55:57.494 [buildInitShowData] tab no initMessage {"tab":"none","initTab":""} @ https://res.wx.qq.com/d/discussion-ext/latest/discussion-ext-5.release.pc.js?disabledMobileNotify=true&supportCommentPlacement=true&top=48&showTopBorder=true&disabledMobileEntry=true:1
[   17056ms] [LOG] [discussion-ext] 20:55:57.494 Get params from url success! {"hideInput":false,"docId":"w3_AVcARQbxADcCNCAU7PjaSSXeg9vrI","docTitle":"","scode":"AEAAkAegAFMt3ehnv9AVcARQbxADc","viewingUsers":[],"collabUsers":null,"collabUserCount":null,"collabScaledDocConfig":null,"type":0,"userInfo":{"corpName":"","vid":"","auth":2},"canModifyAuth":false,"hasSheetRangeAuth":false,"minibarBottom":null,"top":48,"right":0,"bottom":0,"showTemplate":false,"msgId":null,"msgType":null,"canComment":true,"canReadComment":null,"canEdit":true,"docFrozen":false,"isOOXML":false,"bottomBarSsrElementId":"pre-bottom-bar","isUrlFormAdmin":false,"needAnimation":true,"templateId":"","isError":false,"supportFace":false,"tab":"none","chatReportItemName":"","layoutBorderTop":"1px solid rgba(6, 14, 26, 0.07)","bottomBarShow":true,"ignoreInitMessage":false,"bottomBarDisableEntry":false,"showSSPermission":false} @ https://res.wx.qq.com/d/discussion-ext/latest/discussion-ext-5.release.pc.js?disabledMobileNotify=true&supportCommentPlacement=true&top=48&showTopBorder=true&disabledMobileEntry=true:1
[   17066ms] [LOG] [discussion-ext] 20:55:57.504 api init success  @ https://res.wx.qq.com/d/discussion-ext/latest/discussion-ext-5.release.pc.js?disabledMobileNotify=true&supportCommentPlacement=true&top=48&showTopBorder=true&disabledMobileEntry=true:1
[   17076ms] [LOG] [discussion-ext] 20:55:57.515 monitorDocConv {"type":2} @ https://res.wx.qq.com/d/discussion-ext/latest/discussion-ext-5.release.pc.js?disabledMobileNotify=true&supportCommentPlacement=true&top=48&showTopBorder=true&disabledMobileEntry=true:1
[   17076ms] [LOG] [discussion-ext] 20:55:57.515 on clearunread events  @ https://res.wx.qq.com/d/discussion-ext/latest/discussion-ext-5.release.pc.js?disabledMobileNotify=true&supportCommentPlacement=true&top=48&showTopBorder=true&disabledMobileEntry=true:1
[   17080ms] [LOG] [discussion-ext] 20:55:57.518 genUnreadDocId {"docId":"w3_AVcARQbxADcCNCAU7PjaSSXeg9vrI","path":"/doc/w3_AVcARQbxADcCNCAU7PjaSSXeg9vrI"} @ https://res.wx.qq.com/d/discussion-ext/latest/discussion-ext-5.release.pc.js?disabledMobileNotify=true&supportCommentPlacement=true&top=48&showTopBorder=true&disabledMobileEntry=true:1
[   17095ms] [LOG] setup onErrorChecker plugin @ https://res.wx.qq.com/d/doc/js/public-common-2997edf1.js:1
[   17095ms] [LOG] setup docCgiErrorChecker plugin @ https://res.wx.qq.com/d/doc/js/public-common-2997edf1.js:1
[   17095ms] [LOG] setup basicPerformanceReport plugin @ https://res.wx.qq.com/d/doc/js/public-common-2997edf1.js:1
[   17131ms] [WARNING] 初始化拦截器-2.0 @ https://res.wx.qq.com/d/doc/js/public-common-2997edf1.js:1
[   17132ms] [INFO] ----- re add user index @ https://res.wx.qq.com/d/doc/js/public-common-2997edf1.js:1
[   17132ms] [LOG] NetworkIntercept Interceptor | init finish @ https://res.wx.qq.com/d/doc/js/public-common-2997edf1.js:1
[   17156ms] [WARNING]  wait : /webdisk/member_info?func=1&f=json&auth_list=%7B%22info%22%3A%5B%7B%22id%22%3A%22144115354734482479%22%7D%2C%7B%22id%22%3A%22144115352762772854%22%7D%2C%7B%22id%22%3A%22144115264659685549%22%7D%5D%7D&docid=w3_AVcARQbxADcCNCAU7PjaSSXeg9vrI @ https://res.wx.qq.com/d/doc/js/public-common-2997edf1.js:1
[   17382ms] [ERROR] 加载 ToggleConfig 配置出错 @ https://res.wx.qq.com/d/doc/js/public-firstload-pc-9ebd23ae-31715560.js:1
[   17506ms] [LOG] setup onErrorChecker plugin @ https://res.wx.qq.com/d/doc/js/public-common-2997edf1.js:1
[   17506ms] [LOG] setup docCgiErrorChecker plugin @ https://res.wx.qq.com/d/doc/js/public-common-2997edf1.js:1
[   17506ms] [LOG] setup basicPerformanceReport plugin @ https://res.wx.qq.com/d/doc/js/public-common-2997edf1.js:1
[   17506ms] [WARNING] [wdocs-utils/xsrf] not wxwork, skip @ https://res.wx.qq.com/d/doc/js/public-common-2997edf1.js:1
[   17736ms] [LOG] [main-thread-dead-monitor][main-thread] 22601193_49060350 %cAdd actionType `WorkerInitError` color: orange @ https://res.wx.qq.com/d/doc/js/public-firstload-pc-734fce56-b938eaa2.js:1
[   17736ms] [LOG] [main-thread-dead-monitor][main-thread] 22601193_49060350 %cAdd actionType `WorkerInited` color: orange @ https://res.wx.qq.com/d/doc/js/public-firstload-pc-734fce56-b938eaa2.js:1
[   17747ms] [LOG] document.documentElement.clientHeight 747 @ https://res.wx.qq.com/d/doc/js/public-firstload-pc-bc7daab7-60b25f25.js:0
[   17755ms] [ERROR] Failed to load resource: the server responded with a status of 404 () @ https://doc.weixin.qq.com/api/enterprisefile/fontsinfo/list?sid=zyx1dYz1X3UuMWdOAEpvSQAA&wedoc_xsrf=1&xsrf=d71e6c126941ab94:0
[   17863ms] [ERROR] 缺少DocId或CropID，执行KVR.resetDefaultOssData({DocID})设置 @ https://res.wx.qq.com/d/alloy-report-sdk/latest/v4/alloyreport.sdk.js:0
[   17972ms] [ERROR] Failed to load resource: the server responded with a status of 400 () @ https://docrp.weixin.qq.com/wl/api/v1/open/report:0
[   17973ms] [ERROR] Failed to load resource: the server responded with a status of 400 () @ https://docrp.weixin.qq.com/wl/api/v1/open/report:0
[   17973ms] [WARNING] [wl]BLOCK_USER_ERROR_CODE_detail_page超过主动上报次数，忽略本次上报 @ https://doc.weixin.qq.com/scenario/pub/wl2/browser-backend-worker-1.56.0.js:1
[   17973ms] [WARNING] [wl]BLOCK_USER_ERROR_CODE_layout_cost超过主动上报次数，忽略本次上报 @ https://doc.weixin.qq.com/scenario/pub/wl2/browser-backend-worker-1.56.0.js:1
[   17975ms] [LOG] [main-thread-dead-monitor][worker-thread] %cAdd actionType `SyncData` color: orange @ https://res.wx.qq.com/d/doc/js/main-thread-dead-monitor-worker-1b4406ab.js:0
[   17975ms] [LOG] [main-thread-dead-monitor][worker-thread] %cAdd actionType `OperateLog` color: orange @ https://res.wx.qq.com/d/doc/js/main-thread-dead-monitor-worker-1b4406ab.js:0
[   17975ms] [LOG] [main-thread-dead-monitor][worker-thread] %cAdd actionType `UpdateActiveTime` color: orange @ https://res.wx.qq.com/d/doc/js/main-thread-dead-monitor-worker-1b4406ab.js:0
[   17978ms] [LOG] [main-thread-dead-monitor][worker-thread] %cAdd actionType `HeartBeatTestForMainThreadDie` color: orange @ https://res.wx.qq.com/d/doc/js/main-thread-dead-monitor-worker-1b4406ab.js:0
[   18016ms] [WARNING] <meta name="apple-mobile-web-app-capable" content="yes"> is deprecated. Please include <meta name="mobile-web-app-capable" content="yes"> @ https://doc.weixin.qq.com/doc/w3_AVcARQbxADcCNCAU7PjaSSXeg9vrI?scode=AEAAkAegAFMt3ehnv9AVcARQbxADc:0
[   18083ms] [LOG] send cube request from queue, length:1} @ https://res.wx.qq.com/d/discussion-ext/latest/discussion-ext-5.release.pc.js?disabledMobileNotify=true&supportCommentPlacement=true&top=48&showTopBorder=true&disabledMobileEntry=true:1
[   18095ms] [ERROR] Failed to load resource: the server responded with a status of 400 () @ https://docrp.weixin.qq.com/wl/api/v1/open/report:0
[   18096ms] [WARNING] [wl]BLOCK_USER_ERROR_CODE_offline_edit_init超过主动上报次数，忽略本次上报 @ https://doc.weixin.qq.com/scenario/pub/wl2/browser-backend-worker-1.56.0.js:1
[   19100ms] [ERROR] 缺少DocId或CropID，执行KVR.resetDefaultOssData({DocID})设置 @ https://res.wx.qq.com/d/alloy-report-sdk/latest/v4/alloyreport.sdk.js:0
[   19108ms] [WARNING] [2026/06/09 20:55:59] [WARN] [Workbench] - key titlebar.disabled has already been registered, thus ignored. @ https://res.wx.qq.com/d/doc/js/public-firstload-pc-734fce56-b938eaa2.js:1
[   19122ms] [LOG] [2026/06/09 20:55:59] [INFO] [Workbench] - workbenchVersion:aefcd6c @ https://res.wx.qq.com/d/doc/js/public-firstload-pc-734fce56-b938eaa2.js:1
[   19132ms] [WARNING] [2026/06/09 20:55:59] [WARN] [Workbench] - [From: menu] The config "review" has already been registered, it has been replaced by new config. @ https://res.wx.qq.com/d/doc/js/public-firstload-pc-734fce56-b938eaa2.js:1
[   19133ms] [WARNING] [2026/06/09 20:55:59] [WARN] [Workbench] - key zoomLevel has already been registered, thus ignored. @ https://res.wx.qq.com/d/doc/js/public-firstload-pc-734fce56-b938eaa2.js:1
[   19158ms] [ERROR] 缺少DocId或CropID，执行KVR.resetDefaultOssData({DocID})设置 @ https://res.wx.qq.com/d/alloy-report-sdk/latest/v4/alloyreport.sdk.js:0
[   19177ms] [LOG] [2026-06-09T20:55:59.615] [DEBUG] [DDBase] - params erroro: jsonObj2Class @ https://res.wx.qq.com/d/doc/js/feature-pc-38207-bab0814e.js:1
[   19186ms] [WARNING] [2026/06/09 20:55:59] [WARN] [Workbench] - The menu config "none" is reserved. @ https://res.wx.qq.com/d/doc/js/public-firstload-pc-734fce56-b938eaa2.js:1
[   19199ms] [WARNING] [2026/06/09 20:55:59] [WARN] [Workbench] - [From: toolbar] The config "table-adjust" has already been registered, it has been replaced by new config. @ https://res.wx.qq.com/d/doc/js/public-firstload-pc-734fce56-b938eaa2.js:1
[   19202ms] [WARNING] [2026/06/09 20:55:59] [WARN] [Workbench] - There is already a "shouldHide" action point for config "unofficial-addons" and will be override by duplicate declaration. Search "@menu('unofficial-addons', 'shouldHide')" in your codebase to find it. @ https://res.wx.qq.com/d/doc/js/public-firstload-pc-734fce56-b938eaa2.js:1
[   19204ms] [WARNING] [2026/06/09 20:55:59] [WARN] [Workbench] - [From: menu] The config "quick-tools-batch-process-image" has already been registered, it has been replaced by new config. @ https://res.wx.qq.com/d/doc/js/public-firstload-pc-734fce56-b938eaa2.js:1
[   19211ms] [WARNING] [2026/06/09 20:55:59] [WARN] [Workbench] - [From: menu] The config "file" has already been registered, it has been replaced by new config. @ https://res.wx.qq.com/d/doc/js/public-firstload-pc-734fce56-b938eaa2.js:1
[   19211ms] [WARNING] [2026/06/09 20:55:59] [WARN] [Workbench] - [From: menu] The config "more" has already been registered, it has been replaced by new config. @ https://res.wx.qq.com/d/doc/js/public-firstload-pc-734fce56-b938eaa2.js:1
[   19211ms] [WARNING] [2026/06/09 20:55:59] [WARN] [Workbench] - [From: menu] The config "play" has already been registered, it has been replaced by new config. @ https://res.wx.qq.com/d/doc/js/public-firstload-pc-734fce56-b938eaa2.js:1
[   19211ms] [WARNING] [2026/06/09 20:55:59] [WARN] [Workbench] - [From: menu] The config "insert" has already been registered, it has been replaced by new config. @ https://res.wx.qq.com/d/doc/js/public-firstload-pc-734fce56-b938eaa2.js:1
[   19211ms] [WARNING] [2026/06/09 20:55:59] [WARN] [Workbench] - [From: menu] The config "unofficial-addons" has already been registered, it has been replaced by new config. @ https://res.wx.qq.com/d/doc/js/public-firstload-pc-734fce56-b938eaa2.js:1
[   19211ms] [WARNING] [2026/06/09 20:55:59] [WARN] [Workbench] - [From: menu] The config "toolbar-menu" has already been registered, it has been replaced by new config. @ https://res.wx.qq.com/d/doc/js/public-firstload-pc-734fce56-b938eaa2.js:1
[   19211ms] [WARNING] [2026/06/09 20:55:59] [WARN] [Workbench] - [From: menu] The config "page" has already been registered, it has been replaced by new config. @ https://res.wx.qq.com/d/doc/js/public-firstload-pc-734fce56-b938eaa2.js:1
[   19211ms] [WARNING] [2026/06/09 20:55:59] [WARN] [Workbench] - [From: menu] The config "reference" has already been registered, it has been replaced by new config. @ https://res.wx.qq.com/d/doc/js/public-firstload-pc-734fce56-b938eaa2.js:1
[   19212ms] [WARNING] [2026/06/09 20:55:59] [WARN] [Workbench] - [From: menu] The config "review" has already been registered, it has been replaced by new config. @ https://res.wx.qq.com/d/doc/js/public-firstload-pc-734fce56-b938eaa2.js:1
[   19212ms] [WARNING] [2026/06/09 20:55:59] [WARN] [Workbench] - [From: menu] The config "view" has already been registered, it has been replaced by new config. @ https://res.wx.qq.com/d/doc/js/public-firstload-pc-734fce56-b938eaa2.js:1
[   19212ms] [WARNING] [2026/06/09 20:55:59] [WARN] [Workbench] - [From: menu] The config "efficiency" has already been registered, it has been replaced by new config. @ https://res.wx.qq.com/d/doc/js/public-firstload-pc-734fce56-b938eaa2.js:1
[   19212ms] [WARNING] [2026/06/09 20:55:59] [WARN] [Workbench] - [From: menu] The config "government" has already been registered, it has been replaced by new config. @ https://res.wx.qq.com/d/doc/js/public-firstload-pc-734fce56-b938eaa2.js:1
[   19212ms] [WARNING] [2026/06/09 20:55:59] [WARN] [Workbench] - [From: menu] The config "devtool" has already been registered, it has been replaced by new config. @ https://res.wx.qq.com/d/doc/js/public-firstload-pc-734fce56-b938eaa2.js:1
[   19212ms] [WARNING] [2026/06/09 20:55:59] [WARN] [Workbench] - [From: toolbar] The config "toolbar-insert" has already been registered, it has been replaced by new config. @ https://res.wx.qq.com/d/doc/js/public-firstload-pc-734fce56-b938eaa2.js:1
[   19212ms] [WARNING] [2026/06/09 20:55:59] [WARN] [Workbench] - [From: toolbar] The config "unofficial-addons" has already been registered, it has been replaced by new config. @ https://res.wx.qq.com/d/doc/js/public-firstload-pc-734fce56-b938eaa2.js:1
[   19212ms] [WARNING] [2026/06/09 20:55:59] [WARN] [Workbench] - There is already a "onDropdownVisibleChange" action point for config "toolbar-insert" and will be override by duplicate declaration. Search "@toolbar('toolbar-insert', 'onDropdownVisibleChange')" in your codebase to find it. @ https://res.wx.qq.com/d/doc/js/public-firstload-pc-734fce56-b938eaa2.js:1
[   19212ms] [WARNING] [2026/06/09 20:55:59] [WARN] [Workbench] - There is already a "dropdownContent" action point for config "toolbar-insert" and will be override by duplicate declaration. Search "@toolbar('toolbar-insert', 'dropdownContent')" in your codebase to find it. @ https://res.wx.qq.com/d/doc/js/public-firstload-pc-734fce56-b938eaa2.js:1
[   19212ms] [WARNING] [2026/06/09 20:55:59] [WARN] [Workbench] - There is already a "shouldDisabled" action point for config "toolbar-insert" and will be override by duplicate declaration. Search "@toolbar('toolbar-insert', 'shouldDisabled')" in your codebase to find it. @ https://res.wx.qq.com/d/doc/js/public-firstload-pc-734fce56-b938eaa2.js:1
[   19212ms] [WARNING] [2026/06/09 20:55:59] [WARN] [Workbench] - There is already a "onDropdownVisibleChange" action point for config "unofficial-addons" and will be override by duplicate declaration. Search "@toolbar('unofficial-addons', 'onDropdownVisibleChange')" in your codebase to find it. @ https://res.wx.qq.com/d/doc/js/public-firstload-pc-734fce56-b938eaa2.js:1
[   19212ms] [WARNING] [2026/06/09 20:55:59] [WARN] [Workbench] - There is already a "dropdownContent" action point for config "unofficial-addons" and will be override by duplicate declaration. Search "@toolbar('unofficial-addons', 'dropdownContent')" in your codebase to find it. @ https://res.wx.qq.com/d/doc/js/public-firstload-pc-734fce56-b938eaa2.js:1
[   19212ms] [WARNING] [2026/06/09 20:55:59] [WARN] [Workbench] - There is already a "text" action point for config "unofficial-addons" and will be override by duplicate declaration. Search "@toolbar('unofficial-addons', 'text')" in your codebase to find it. @ https://res.wx.qq.com/d/doc/js/public-firstload-pc-734fce56-b938eaa2.js:1
[   19212ms] [WARNING] [2026/06/09 20:55:59] [WARN] [Workbench] - key docTitle has already been registered, thus ignored. @ https://res.wx.qq.com/d/doc/js/public-firstload-pc-734fce56-b938eaa2.js:1
[   19213ms] [WARNING] [2026/06/09 20:55:59] [WARN] [Workbench] - [From: menu] The config "view-comment" has already been registered, it has been replaced by new config. @ https://res.wx.qq.com/d/doc/js/public-firstload-pc-734fce56-b938eaa2.js:1
[   19213ms] [WARNING] [2026/06/09 20:55:59] [WARN] [Workbench] - There is already a "onClick" action point for config "view-comment" and will be override by duplicate declaration. Search "@menu('view-comment', 'onClick')" in your codebase to find it. @ https://res.wx.qq.com/d/doc/js/public-firstload-pc-734fce56-b938eaa2.js:1
[   19213ms] [WARNING] [2026/06/09 20:55:59] [WARN] [Workbench] - There is already a "shouldDisabled" action point for config "view-comment" and will be override by duplicate declaration. Search "@menu('view-comment', 'shouldDisabled')" in your codebase to find it. @ https://res.wx.qq.com/d/doc/js/public-firstload-pc-734fce56-b938eaa2.js:1
[   19213ms] [WARNING] [2026/06/09 20:55:59] [WARN] [Workbench] - There is already a "shouldCheck" action point for config "view-comment" and will be override by duplicate declaration. Search "@menu('view-comment', 'shouldCheck')" in your codebase to find it. @ https://res.wx.qq.com/d/doc/js/public-firstload-pc-734fce56-b938eaa2.js:1
[   19443ms] [ERROR] Failed to load resource: the server responded with a status of 400 () @ https://docrp.weixin.qq.com/wl/api/v1/open/report:0
[   19444ms] [WARNING] [wl]BLOCK_USER_ERROR_CODE_JS_ERROR_OCCUR超过主动上报次数，忽略本次上报 @ https://doc.weixin.qq.com/scenario/pub/wl2/browser-backend-worker-1.56.0.js:1
[   19483ms] [WARNING] awaitload Symbol(feature:paragraph_shortcut_menu) @ https://res.wx.qq.com/d/doc/js/public-firstload-pc-bc7daab7-60b25f25.js:0
[   19503ms] [INFO] [capacity-check][info] use exist instance, version = 1.0.184 @ https://res.wx.qq.com/d/doc/js/feature-pc-27024-031f634a.js:0
[   19503ms] [INFO] [capacity-check][info] create new instance, version = 1.0.184 @ https://res.wx.qq.com/d/doc/js/feature-pc-27024-031f634a.js:0
[   19504ms] [INFO] [capacity-check][info] last FetchData at 2026/6/9 20:55:59 @ https://res.wx.qq.com/d/doc/js/feature-pc-27024-031f634a.js:0
[   19506ms] [INFO] [capacity-check][info] init 144115352762772854 1688855093790039 w3_AVcARQbxADcCNCAU7PjaSSXeg9vrI undefined other other undefined @ https://res.wx.qq.com/d/doc/js/feature-pc-27024-031f634a.js:0
[   19507ms] [INFO] [capacity-check][info] FileMetaInfo.subscribe no data: w3_AVcARQbxADcCNCAU7PjaSSXeg9vrI null @ https://res.wx.qq.com/d/doc/js/feature-pc-27024-031f634a.js:0
[   19531ms] [LOG] comment_redux_store_log {type: commentInfos/init, payload: Object} @ https://res.wx.qq.com/d/doc/js/feature-pc-level1-049a0263.js:1
[   19532ms] [LOG] comment_redux_store_log {type: commentUI/init, payload: Object} @ https://res.wx.qq.com/d/doc/js/feature-pc-level1-049a0263.js:1
[   19617ms] [LOG] comment_redux_store_log {type: revisionUI/setTrackRevisions, payload: Object} @ https://res.wx.qq.com/d/doc/js/feature-pc-level1-049a0263.js:1
[   19679ms] [LOG] [FileMetaInfoService] dataFromStorage null @ https://res.wx.qq.com/d/doc/js/feature-pc-67929-b758ed88.js:0
[   19779ms] [INFO] [capacity-check][info] requestDocCapacityDetail result {show_capacity_detail: false, user: Object, owner: Object, profile_open: true} @ https://res.wx.qq.com/d/doc/js/feature-pc-27024-031f634a.js:0
[   19780ms] [INFO] [capacity-check][info] result {user_capacity_detail: Object, show_capacity_detail: false} {user_capacity_detail: Object, doc_capacity_detail: Object, show_capacity_detail: false} {is_pro: false, corp_is_trial_pro: false, corp_is_vip: false, advance_url_info: Object, advance_func_info: Object} {enable_advance: false, enable_reject_when_over_capacity: false} {enable_advance: true, enable_reject_when_over_capacity: false} @ https://res.wx.qq.com/d/doc/js/feature-pc-27024-031f634a.js:0
[   19780ms] [INFO] cube {action: initCapacityCheckService, channel1: success} @ https://res.wx.qq.com/d/doc/js/feature-pc-27024-031f634a.js:0
[   19787ms] [WARNING] [2026/06/09 20:56:00] [WARN] [Workbench] - There is already a "onPress" action point for config "exitPresentation" and will be override by duplicate declaration. Search "@keymap('exitPresentation', 'onPress')" in your codebase to find it. @ https://res.wx.qq.com/d/doc/js/public-firstload-pc-734fce56-b938eaa2.js:1
[   19808ms] [WARNING] 动态组件不再需要品类实现showProfile，onShowProfile回调已废弃 @ https://res.wx.qq.com/d/discussion-ext/latest/vendor-5.release.pc.entry.0df23f4568cfb379def6.js:1
[   19813ms] [LOG] [specialuser]no in corplist @ https://res.wx.qq.com/d/doc/js/feature-pc-21210-59c0735f.js:0
[   19813ms] [LOG] [specialuser]get initPromise @ https://res.wx.qq.com/d/doc/js/feature-pc-21210-59c0735f.js:0
[   19813ms] [LOG] [specialuser]init promise @ https://res.wx.qq.com/d/doc/js/feature-pc-21210-59c0735f.js:0
[   19813ms] [LOG] [specialuser]resolve @ https://res.wx.qq.com/d/doc/js/feature-pc-21210-59c0735f.js:0
[   19813ms] [WARNING] awaitload Symbol(feature:fieldcode_weixin_mention) @ https://res.wx.qq.com/d/doc/js/public-firstload-pc-bc7daab7-60b25f25.js:0
[   19923ms] [WARNING] [2026/06/09 20:56:00] [WARN] [Workbench] - [From: context_menu] The config "addon-list" has already been registered, it has been replaced by new config. @ https://res.wx.qq.com/d/doc/js/public-firstload-pc-734fce56-b938eaa2.js:1
[   19923ms] [WARNING] [2026/06/09 20:56:00] [WARN] [Workbench] - [From: context_menu] The config "context-addon-uninstalled" has already been registered, it has been replaced by new config. @ https://res.wx.qq.com/d/doc/js/public-firstload-pc-734fce56-b938eaa2.js:1
[   19923ms] [WARNING] [2026/06/09 20:56:00] [WARN] [Workbench] - [From: context_menu] The config "context-addon-installed" has already been registered, it has been replaced by new config. @ https://res.wx.qq.com/d/doc/js/public-firstload-pc-734fce56-b938eaa2.js:1
[   19923ms] [WARNING] [2026/06/09 20:56:00] [WARN] [Workbench] - [From: context_menu] The config "context-addon-none-installed" has already been registered, it has been replaced by new config. @ https://res.wx.qq.com/d/doc/js/public-firstload-pc-734fce56-b938eaa2.js:1
[   19923ms] [WARNING] [2026/06/09 20:56:00] [WARN] [Workbench] - [From: toolbar] The config "embed-webpage" has already been registered, it has been replaced by new config. @ https://res.wx.qq.com/d/doc/js/public-firstload-pc-734fce56-b938eaa2.js:1
[   19923ms] [WARNING] [2026/06/09 20:56:00] [WARN] [Workbench] - [From: toolbar] The config "addon-latex" has already been registered, it has been replaced by new config. @ https://res.wx.qq.com/d/doc/js/public-firstload-pc-734fce56-b938eaa2.js:1
[   19924ms] [WARNING] [2026/06/09 20:56:00] [WARN] [Workbench] - [From: toolbar] The config "addon-countdown" has already been registered, it has been replaced by new config. @ https://res.wx.qq.com/d/doc/js/public-firstload-pc-734fce56-b938eaa2.js:1
[   19924ms] [WARNING] [2026/06/09 20:56:00] [WARN] [Workbench] - There is already a "shouldDisabled" action point for config "system-addons-panel-title" and will be override by duplicate declaration. Search "@menu('system-addons-panel-title', 'shouldDisabled')" in your codebase to find it. @ https://res.wx.qq.com/d/doc/js/public-firstload-pc-734fce56-b938eaa2.js:1
[   19924ms] [WARNING] [2026/06/09 20:56:00] [WARN] [Workbench] - There is already a "shouldHide" action point for config "system-addons-panel-title" and will be override by duplicate declaration. Search "@menu('system-addons-panel-title', 'shouldHide')" in your codebase to find it. @ https://res.wx.qq.com/d/doc/js/public-firstload-pc-734fce56-b938eaa2.js:1
[   19924ms] [WARNING] [2026/06/09 20:56:00] [WARN] [Workbench] - There is already a "shouldHide" action point for config "unofficial-addons" and will be override by duplicate declaration. Search "@menu('unofficial-addons', 'shouldHide')" in your codebase to find it. @ https://res.wx.qq.com/d/doc/js/public-firstload-pc-734fce56-b938eaa2.js:1
[   19924ms] [WARNING] [2026/06/09 20:56:00] [WARN] [Workbench] - There is already a "shouldDisabled" action point for config "unofficial-addons" and will be override by duplicate declaration. Search "@menu('unofficial-addons', 'shouldDisabled')" in your codebase to find it. @ https://res.wx.qq.com/d/doc/js/public-firstload-pc-734fce56-b938eaa2.js:1
[   19924ms] [WARNING] [2026/06/09 20:56:00] [WARN] [Workbench] - There is already a "tooltip" action point for config "unofficial-addons" and will be override by duplicate declaration. Search "@menu('unofficial-addons', 'tooltip')" in your codebase to find it. @ https://res.wx.qq.com/d/doc/js/public-firstload-pc-734fce56-b938eaa2.js:1
[   19924ms] [WARNING] [2026/06/09 20:56:00] [WARN] [Workbench] - There is already a "icon" action point for config "addon-insert_addons" and will be override by duplicate declaration. Search "@menu('addon-insert_addons', 'icon')" in your codebase to find it. @ https://res.wx.qq.com/d/doc/js/public-firstload-pc-734fce56-b938eaa2.js:1
[   19924ms] [WARNING] [2026/06/09 20:56:00] [WARN] [Workbench] - There is already a "shouldDisabled" action point for config "addon-insert_addons" and will be override by duplicate declaration. Search "@menu('addon-insert_addons', 'shouldDisabled')" in your codebase to find it. @ https://res.wx.qq.com/d/doc/js/public-firstload-pc-734fce56-b938eaa2.js:1
[   19924ms] [WARNING] [2026/06/09 20:56:00] [WARN] [Workbench] - There is already a "shouldDisabled" action point for config "doc-addon-:menuid" and will be override by duplicate declaration. Search "@toolbar('doc-addon-:menuid', 'shouldDisabled')" in your codebase to find it. @ https://res.wx.qq.com/d/doc/js/public-firstload-pc-734fce56-b938eaa2.js:1
[   19924ms] [WARNING] [2026/06/09 20:56:00] [WARN] [Workbench] - There is already a "shouldDisabled" action point for config "addon-latex" and will be override by duplicate declaration. Search "@menu('addon-latex', 'shouldDisabled')" in your codebase to find it. @ https://res.wx.qq.com/d/doc/js/public-firstload-pc-734fce56-b938eaa2.js:1
[   19924ms] [WARNING] [2026/06/09 20:56:00] [WARN] [Workbench] - There is already a "shouldDisabled" action point for config "addon-latex" and will be override by duplicate declaration. Search "@toolbar('addon-latex', 'shouldDisabled')" in your codebase to find it. @ https://res.wx.qq.com/d/doc/js/public-firstload-pc-734fce56-b938eaa2.js:1
[   19924ms] [WARNING] [2026/06/09 20:56:00] [WARN] [Workbench] - There is already a "shouldDisabled" action point for config "addon-countdown" and will be override by duplicate declaration. Search "@menu('addon-countdown', 'shouldDisabled')" in your codebase to find it. @ https://res.wx.qq.com/d/doc/js/public-firstload-pc-734fce56-b938eaa2.js:1
[   19925ms] [WARNING] [2026/06/09 20:56:00] [WARN] [Workbench] - There is already a "shouldDisabled" action point for config "addon-countdown" and will be override by duplicate declaration. Search "@toolbar('addon-countdown', 'shouldDisabled')" in your codebase to find it. @ https://res.wx.qq.com/d/doc/js/public-firstload-pc-734fce56-b938eaa2.js:1
[   19925ms] [WARNING] [2026/06/09 20:56:00] [WARN] [Workbench] - There is already a "shouldDisabled" action point for config "doc-addon-:menuid" and will be override by duplicate declaration. Search "@menu('doc-addon-:menuid', 'shouldDisabled')" in your codebase to find it. @ https://res.wx.qq.com/d/doc/js/public-firstload-pc-734fce56-b938eaa2.js:1
[   19925ms] [WARNING] [2026/06/09 20:56:00] [WARN] [Workbench] - There is already a "shouldDisabled" action point for config "embed-webpage" and will be override by duplicate declaration. Search "@toolbar('embed-webpage', 'shouldDisabled')" in your codebase to find it. @ https://res.wx.qq.com/d/doc/js/public-firstload-pc-734fce56-b938eaa2.js:1
[   19925ms] [WARNING] [2026/06/09 20:56:00] [WARN] [Workbench] - There is already a "onClick" action point for config "doc-addon-:menuid" and will be override by duplicate declaration. Search "@toolbar('doc-addon-:menuid', 'onClick')" in your codebase to find it. @ https://res.wx.qq.com/d/doc/js/public-firstload-pc-734fce56-b938eaa2.js:1
[   19925ms] [WARNING] [2026/06/09 20:56:00] [WARN] [Workbench] - There is already a "onClick" action point for config "snippet-addon-:menuid" and will be override by duplicate declaration. Search "@menu('snippet-addon-:menuid', 'onClick')" in your codebase to find it. @ https://res.wx.qq.com/d/doc/js/public-firstload-pc-734fce56-b938eaa2.js:1
[   19925ms] [WARNING] [2026/06/09 20:56:00] [WARN] [Workbench] - There is already a "onClick" action point for config "doc-addon-:menuid" and will be override by duplicate declaration. Search "@menu('doc-addon-:menuid', 'onClick')" in your codebase to find it. @ https://res.wx.qq.com/d/doc/js/public-firstload-pc-734fce56-b938eaa2.js:1
[   19925ms] [WARNING] [2026/06/09 20:56:00] [WARN] [Workbench] - There is already a "shouldHide" action point for config "addon-list" and will be override by duplicate declaration. Search "@context_menu('addon-list', 'shouldHide')" in your codebase to find it. @ https://res.wx.qq.com/d/doc/js/public-firstload-pc-734fce56-b938eaa2.js:1
[   19925ms] [WARNING] [2026/06/09 20:56:00] [WARN] [Workbench] - There is already a "onVisibleChange" action point for config "addon-list" and will be override by duplicate declaration. Search "@context_menu('addon-list', 'onVisibleChange')" in your codebase to find it. @ https://res.wx.qq.com/d/doc/js/public-firstload-pc-734fce56-b938eaa2.js:1
[   19925ms] [WARNING] [2026/06/09 20:56:00] [WARN] [Workbench] - There is already a "dropdownContent" action point for config "embed-webpage" and will be override by duplicate declaration. Search "@toolbar('embed-webpage', 'dropdownContent')" in your codebase to find it. @ https://res.wx.qq.com/d/doc/js/public-firstload-pc-734fce56-b938eaa2.js:1
[   19925ms] [WARNING] [2026/06/09 20:56:00] [WARN] [Workbench] - There is already a "onClick" action point for config "addon-latex" and will be override by duplicate declaration. Search "@menu('addon-latex', 'onClick')" in your codebase to find it. @ https://res.wx.qq.com/d/doc/js/public-firstload-pc-734fce56-b938eaa2.js:1
[   19925ms] [WARNING] [2026/06/09 20:56:00] [WARN] [Workbench] - There is already a "onClick" action point for config "addon-latex" and will be override by duplicate declaration. Search "@toolbar('addon-latex', 'onClick')" in your codebase to find it. @ https://res.wx.qq.com/d/doc/js/public-firstload-pc-734fce56-b938eaa2.js:1
[   19925ms] [WARNING] [2026/06/09 20:56:00] [WARN] [Workbench] - There is already a "onClick" action point for config "addon-countdown" and will be override by duplicate declaration. Search "@menu('addon-countdown', 'onClick')" in your codebase to find it. @ https://res.wx.qq.com/d/doc/js/public-firstload-pc-734fce56-b938eaa2.js:1
[   19925ms] [WARNING] [2026/06/09 20:56:00] [WARN] [Workbench] - There is already a "onClick" action point for config "addon-countdown" and will be override by duplicate declaration. Search "@toolbar('addon-countdown', 'onClick')" in your codebase to find it. @ https://res.wx.qq.com/d/doc/js/public-firstload-pc-734fce56-b938eaa2.js:1
[   19926ms] [WARNING] [2026/06/09 20:56:00] [WARN] [Workbench] - [From: menu] The config "doc-addon-mind_map" has already been registered, it has been replaced by new config. @ https://res.wx.qq.com/d/doc/js/public-firstload-pc-734fce56-b938eaa2.js:1
[   19926ms] [WARNING] [2026/06/09 20:56:00] [WARN] [Workbench] - [From: context_menu] The config "addon-list" has already been registered, it has been replaced by new config. @ https://res.wx.qq.com/d/doc/js/public-firstload-pc-734fce56-b938eaa2.js:1
[   19926ms] [WARNING] [2026/06/09 20:56:00] [WARN] [Workbench] - [From: context_menu] The config "context-addon-uninstalled" has already been registered, it has been replaced by new config. @ https://res.wx.qq.com/d/doc/js/public-firstload-pc-734fce56-b938eaa2.js:1
[   19926ms] [WARNING] [2026/06/09 20:56:00] [WARN] [Workbench] - [From: context_menu] The config "context-addon-installed" has already been registered, it has been replaced by new config. @ https://res.wx.qq.com/d/doc/js/public-firstload-pc-734fce56-b938eaa2.js:1
[   19926ms] [WARNING] [2026/06/09 20:56:00] [WARN] [Workbench] - [From: context_menu] The config "context-addon-none-installed" has already been registered, it has been replaced by new config. @ https://res.wx.qq.com/d/doc/js/public-firstload-pc-734fce56-b938eaa2.js:1
[   19926ms] [WARNING] [2026/06/09 20:56:00] [WARN] [Workbench] - There is already a "shouldDisabled" action point for config "system-addons-panel-title" and will be override by duplicate declaration. Search "@menu('system-addons-panel-title', 'shouldDisabled')" in your codebase to find it. @ https://res.wx.qq.com/d/doc/js/public-firstload-pc-734fce56-b938eaa2.js:1
[   19926ms] [WARNING] [2026/06/09 20:56:00] [WARN] [Workbench] - There is already a "shouldHide" action point for config "system-addons-panel-title" and will be override by duplicate declaration. Search "@menu('system-addons-panel-title', 'shouldHide')" in your codebase to find it. @ https://res.wx.qq.com/d/doc/js/public-firstload-pc-734fce56-b938eaa2.js:1
[   19926ms] [WARNING] [2026/06/09 20:56:00] [WARN] [Workbench] - There is already a "shouldHide" action point for config "unofficial-addons" and will be override by duplicate declaration. Search "@menu('unofficial-addons', 'shouldHide')" in your codebase to find it. @ https://res.wx.qq.com/d/doc/js/public-firstload-pc-734fce56-b938eaa2.js:1
[   19926ms] [WARNING] [2026/06/09 20:56:00] [WARN] [Workbench] - There is already a "shouldDisabled" action point for config "unofficial-addons" and will be override by duplicate declaration. Search "@menu('unofficial-addons', 'shouldDisabled')" in your codebase to find it. @ https://res.wx.qq.com/d/doc/js/public-firstload-pc-734fce56-b938eaa2.js:1
[   19926ms] [WARNING] [2026/06/09 20:56:00] [WARN] [Workbench] - There is already a "tooltip" action point for config "unofficial-addons" and will be override by duplicate declaration. Search "@menu('unofficial-addons', 'tooltip')" in your codebase to find it. @ https://res.wx.qq.com/d/doc/js/public-firstload-pc-734fce56-b938eaa2.js:1
[   19926ms] [WARNING] [2026/06/09 20:56:00] [WARN] [Workbench] - There is already a "icon" action point for config "addon-insert_addons" and will be override by duplicate declaration. Search "@menu('addon-insert_addons', 'icon')" in your codebase to find it. @ https://res.wx.qq.com/d/doc/js/public-firstload-pc-734fce56-b938eaa2.js:1
[   19926ms] [WARNING] [2026/06/09 20:56:00] [WARN] [Workbench] - There is already a "shouldDisabled" action point for config "addon-insert_addons" and will be override by duplicate declaration. Search "@menu('addon-insert_addons', 'shouldDisabled')" in your codebase to find it. @ https://res.wx.qq.com/d/doc/js/public-firstload-pc-734fce56-b938eaa2.js:1
[   19926ms] [WARNING] [2026/06/09 20:56:00] [WARN] [Workbench] - There is already a "shouldDisabled" action point for config "doc-addon-:menuid" and will be override by duplicate declaration. Search "@toolbar('doc-addon-:menuid', 'shouldDisabled')" in your codebase to find it. @ https://res.wx.qq.com/d/doc/js/public-firstload-pc-734fce56-b938eaa2.js:1
[   19926ms] [WARNING] [2026/06/09 20:56:00] [WARN] [Workbench] - There is already a "shouldDisabled" action point for config "addon-latex" and will be override by duplicate declaration. Search "@menu('addon-latex', 'shouldDisabled')" in your codebase to find it. @ https://res.wx.qq.com/d/doc/js/public-firstload-pc-734fce56-b938eaa2.js:1
[   19926ms] [WARNING] [2026/06/09 20:56:00] [WARN] [Workbench] - There is already a "shouldDisabled" action point for config "addon-latex" and will be override by duplicate declaration. Search "@toolbar('addon-latex', 'shouldDisabled')" in your codebase to find it. @ https://res.wx.qq.com/d/doc/js/public-firstload-pc-734fce56-b938eaa2.js:1
[   19927ms] [WARNING] [2026/06/09 20:56:00] [WARN] [Workbench] - There is already a "shouldDisabled" action point for config "addon-countdown" and will be override by duplicate declaration. Search "@menu('addon-countdown', 'shouldDisabled')" in your codebase to find it. @ https://res.wx.qq.com/d/doc/js/public-firstload-pc-734fce56-b938eaa2.js:1
[   19927ms] [WARNING] [2026/06/09 20:56:00] [WARN] [Workbench] - There is already a "shouldDisabled" action point for config "addon-countdown" and will be override by duplicate declaration. Search "@toolbar('addon-countdown', 'shouldDisabled')" in your codebase to find it. @ https://res.wx.qq.com/d/doc/js/public-firstload-pc-734fce56-b938eaa2.js:1
[   19927ms] [WARNING] [2026/06/09 20:56:00] [WARN] [Workbench] - There is already a "shouldDisabled" action point for config "doc-addon-:menuid" and will be override by duplicate declaration. Search "@menu('doc-addon-:menuid', 'shouldDisabled')" in your codebase to find it. @ https://res.wx.qq.com/d/doc/js/public-firstload-pc-734fce56-b938eaa2.js:1
[   19927ms] [WARNING] [2026/06/09 20:56:00] [WARN] [Workbench] - There is already a "shouldDisabled" action point for config "embed-webpage" and will be override by duplicate declaration. Search "@toolbar('embed-webpage', 'shouldDisabled')" in your codebase to find it. @ https://res.wx.qq.com/d/doc/js/public-firstload-pc-734fce56-b938eaa2.js:1
[   19927ms] [WARNING] [2026/06/09 20:56:00] [WARN] [Workbench] - There is already a "onClick" action point for config "doc-addon-:menuid" and will be override by duplicate declaration. Search "@toolbar('doc-addon-:menuid', 'onClick')" in your codebase to find it. @ https://res.wx.qq.com/d/doc/js/public-firstload-pc-734fce56-b938eaa2.js:1
[   19927ms] [WARNING] [2026/06/09 20:56:00] [WARN] [Workbench] - There is already a "onClick" action point for config "snippet-addon-:menuid" and will be override by duplicate declaration. Search "@menu('snippet-addon-:menuid', 'onClick')" in your codebase to find it. @ https://res.wx.qq.com/d/doc/js/public-firstload-pc-734fce56-b938eaa2.js:1
[   19927ms] [WARNING] [2026/06/09 20:56:00] [WARN] [Workbench] - There is already a "onClick" action point for config "doc-addon-:menuid" and will be override by duplicate declaration. Search "@menu('doc-addon-:menuid', 'onClick')" in your codebase to find it. @ https://res.wx.qq.com/d/doc/js/public-firstload-pc-734fce56-b938eaa2.js:1
[   19927ms] [WARNING] [2026/06/09 20:56:00] [WARN] [Workbench] - There is already a "shouldHide" action point for config "addon-list" and will be override by duplicate declaration. Search "@context_menu('addon-list', 'shouldHide')" in your codebase to find it. @ https://res.wx.qq.com/d/doc/js/public-firstload-pc-734fce56-b938eaa2.js:1
[   19927ms] [WARNING] [2026/06/09 20:56:00] [WARN] [Workbench] - There is already a "onVisibleChange" action point for config "addon-list" and will be override by duplicate declaration. Search "@context_menu('addon-list', 'onVisibleChange')" in your codebase to find it. @ https://res.wx.qq.com/d/doc/js/public-firstload-pc-734fce56-b938eaa2.js:1
[   19927ms] [WARNING] [2026/06/09 20:56:00] [WARN] [Workbench] - There is already a "dropdownContent" action point for config "embed-webpage" and will be override by duplicate declaration. Search "@toolbar('embed-webpage', 'dropdownContent')" in your codebase to find it. @ https://res.wx.qq.com/d/doc/js/public-firstload-pc-734fce56-b938eaa2.js:1
[   19928ms] [WARNING] [2026/06/09 20:56:00] [WARN] [Workbench] - There is already a "onClick" action point for config "addon-latex" and will be override by duplicate declaration. Search "@menu('addon-latex', 'onClick')" in your codebase to find it. @ https://res.wx.qq.com/d/doc/js/public-firstload-pc-734fce56-b938eaa2.js:1
[   19928ms] [WARNING] [2026/06/09 20:56:00] [WARN] [Workbench] - There is already a "onClick" action point for config "addon-latex" and will be override by duplicate declaration. Search "@toolbar('addon-latex', 'onClick')" in your codebase to find it. @ https://res.wx.qq.com/d/doc/js/public-firstload-pc-734fce56-b938eaa2.js:1
[   19928ms] [WARNING] [2026/06/09 20:56:00] [WARN] [Workbench] - There is already a "onClick" action point for config "addon-countdown" and will be override by duplicate declaration. Search "@menu('addon-countdown', 'onClick')" in your codebase to find it. @ https://res.wx.qq.com/d/doc/js/public-firstload-pc-734fce56-b938eaa2.js:1
[   19928ms] [WARNING] [2026/06/09 20:56:00] [WARN] [Workbench] - There is already a "onClick" action point for config "addon-countdown" and will be override by duplicate declaration. Search "@toolbar('addon-countdown', 'onClick')" in your codebase to find it. @ https://res.wx.qq.com/d/doc/js/public-firstload-pc-734fce56-b938eaa2.js:1
[   19928ms] [WARNING] [2026/06/09 20:56:00] [WARN] [Workbench] - [From: context_menu] The config "addon-list" has already been registered, it has been replaced by new config. @ https://res.wx.qq.com/d/doc/js/public-firstload-pc-734fce56-b938eaa2.js:1
[   19928ms] [WARNING] [2026/06/09 20:56:00] [WARN] [Workbench] - [From: context_menu] The config "context-addon-uninstalled" has already been registered, it has been replaced by new config. @ https://res.wx.qq.com/d/doc/js/public-firstload-pc-734fce56-b938eaa2.js:1
[   19928ms] [WARNING] [2026/06/09 20:56:00] [WARN] [Workbench] - [From: context_menu] The config "context-addon-installed" has already been registered, it has been replaced by new config. @ https://res.wx.qq.com/d/doc/js/public-firstload-pc-734fce56-b938eaa2.js:1
[   19928ms] [WARNING] [2026/06/09 20:56:00] [WARN] [Workbench] - [From: context_menu] The config "context-addon-none-installed" has already been registered, it has been replaced by new config. @ https://res.wx.qq.com/d/doc/js/public-firstload-pc-734fce56-b938eaa2.js:1
[   19928ms] [WARNING] [2026/06/09 20:56:00] [WARN] [Workbench] - [From: toolbar] The config "doc-addon-mind_map" has already been registered, it has been replaced by new config. @ https://res.wx.qq.com/d/doc/js/public-firstload-pc-734fce56-b938eaa2.js:1
[   19929ms] [WARNING] [2026/06/09 20:56:00] [WARN] [Workbench] - There is already a "shouldDisabled" action point for config "system-addons-panel-title" and will be override by duplicate declaration. Search "@menu('system-addons-panel-title', 'shouldDisabled')" in your codebase to find it. @ https://res.wx.qq.com/d/doc/js/public-firstload-pc-734fce56-b938eaa2.js:1
[   19929ms] [WARNING] [2026/06/09 20:56:00] [WARN] [Workbench] - There is already a "shouldHide" action point for config "system-addons-panel-title" and will be override by duplicate declaration. Search "@menu('system-addons-panel-title', 'shouldHide')" in your codebase to find it. @ https://res.wx.qq.com/d/doc/js/public-firstload-pc-734fce56-b938eaa2.js:1
[   19929ms] [WARNING] [2026/06/09 20:56:00] [WARN] [Workbench] - There is already a "shouldHide" action point for config "unofficial-addons" and will be override by duplicate declaration. Search "@menu('unofficial-addons', 'shouldHide')" in your codebase to find it. @ https://res.wx.qq.com/d/doc/js/public-firstload-pc-734fce56-b938eaa2.js:1
[   19929ms] [WARNING] [2026/06/09 20:56:00] [WARN] [Workbench] - There is already a "shouldDisabled" action point for config "unofficial-addons" and will be override by duplicate declaration. Search "@menu('unofficial-addons', 'shouldDisabled')" in your codebase to find it. @ https://res.wx.qq.com/d/doc/js/public-firstload-pc-734fce56-b938eaa2.js:1
[   19929ms] [WARNING] [2026/06/09 20:56:00] [WARN] [Workbench] - There is already a "tooltip" action point for config "unofficial-addons" and will be override by duplicate declaration. Search "@menu('unofficial-addons', 'tooltip')" in your codebase to find it. @ https://res.wx.qq.com/d/doc/js/public-firstload-pc-734fce56-b938eaa2.js:1
[   19929ms] [WARNING] [2026/06/09 20:56:00] [WARN] [Workbench] - There is already a "icon" action point for config "addon-insert_addons" and will be override by duplicate declaration. Search "@menu('addon-insert_addons', 'icon')" in your codebase to find it. @ https://res.wx.qq.com/d/doc/js/public-firstload-pc-734fce56-b938eaa2.js:1
[   19929ms] [WARNING] [2026/06/09 20:56:00] [WARN] [Workbench] - There is already a "shouldDisabled" action point for config "addon-insert_addons" and will be override by duplicate declaration. Search "@menu('addon-insert_addons', 'shouldDisabled')" in your codebase to find it. @ https://res.wx.qq.com/d/doc/js/public-firstload-pc-734fce56-b938eaa2.js:1
[   19929ms] [WARNING] [2026/06/09 20:56:00] [WARN] [Workbench] - There is already a "shouldDisabled" action point for config "doc-addon-:menuid" and will be override by duplicate declaration. Search "@toolbar('doc-addon-:menuid', 'shouldDisabled')" in your codebase to find it. @ https://res.wx.qq.com/d/doc/js/public-firstload-pc-734fce56-b938eaa2.js:1
[   19929ms] [WARNING] [2026/06/09 20:56:00] [WARN] [Workbench] - There is already a "shouldDisabled" action point for config "addon-latex" and will be override by duplicate declaration. Search "@menu('addon-latex', 'shouldDisabled')" in your codebase to find it. @ https://res.wx.qq.com/d/doc/js/public-firstload-pc-734fce56-b938eaa2.js:1
[   19929ms] [WARNING] [2026/06/09 20:56:00] [WARN] [Workbench] - There is already a "shouldDisabled" action point for config "addon-latex" and will be override by duplicate declaration. Search "@toolbar('addon-latex', 'shouldDisabled')" in your codebase to find it. @ https://res.wx.qq.com/d/doc/js/public-firstload-pc-734fce56-b938eaa2.js:1
[   19929ms] [WARNING] [2026/06/09 20:56:00] [WARN] [Workbench] - There is already a "shouldDisabled" action point for config "addon-countdown" and will be override by duplicate declaration. Search "@menu('addon-countdown', 'shouldDisabled')" in your codebase to find it. @ https://res.wx.qq.com/d/doc/js/public-firstload-pc-734fce56-b938eaa2.js:1
[   19929ms] [WARNING] [2026/06/09 20:56:00] [WARN] [Workbench] - There is already a "shouldDisabled" action point for config "addon-countdown" and will be override by duplicate declaration. Search "@toolbar('addon-countdown', 'shouldDisabled')" in your codebase to find it. @ https://res.wx.qq.com/d/doc/js/public-firstload-pc-734fce56-b938eaa2.js:1
[   19929ms] [WARNING] [2026/06/09 20:56:00] [WARN] [Workbench] - There is already a "shouldDisabled" action point for config "doc-addon-:menuid" and will be override by duplicate declaration. Search "@menu('doc-addon-:menuid', 'shouldDisabled')" in your codebase to find it. @ https://res.wx.qq.com/d/doc/js/public-firstload-pc-734fce56-b938eaa2.js:1
[   19929ms] [WARNING] [2026/06/09 20:56:00] [WARN] [Workbench] - There is already a "shouldDisabled" action point for config "embed-webpage" and will be override by duplicate declaration. Search "@toolbar('embed-webpage', 'shouldDisabled')" in your codebase to find it. @ https://res.wx.qq.com/d/doc/js/public-firstload-pc-734fce56-b938eaa2.js:1
[   19929ms] [WARNING] [2026/06/09 20:56:00] [WARN] [Workbench] - There is already a "onClick" action point for config "doc-addon-:menuid" and will be override by duplicate declaration. Search "@toolbar('doc-addon-:menuid', 'onClick')" in your codebase to find it. @ https://res.wx.qq.com/d/doc/js/public-firstload-pc-734fce56-b938eaa2.js:1
[   19930ms] [WARNING] [2026/06/09 20:56:00] [WARN] [Workbench] - There is already a "onClick" action point for config "snippet-addon-:menuid" and will be override by duplicate declaration. Search "@menu('snippet-addon-:menuid', 'onClick')" in your codebase to find it. @ https://res.wx.qq.com/d/doc/js/public-firstload-pc-734fce56-b938eaa2.js:1
[   19930ms] [WARNING] [2026/06/09 20:56:00] [WARN] [Workbench] - There is already a "onClick" action point for config "doc-addon-:menuid" and will be override by duplicate declaration. Search "@menu('doc-addon-:menuid', 'onClick')" in your codebase to find it. @ https://res.wx.qq.com/d/doc/js/public-firstload-pc-734fce56-b938eaa2.js:1
[   19930ms] [WARNING] [2026/06/09 20:56:00] [WARN] [Workbench] - There is already a "shouldHide" action point for config "addon-list" and will be override by duplicate declaration. Search "@context_menu('addon-list', 'shouldHide')" in your codebase to find it. @ https://res.wx.qq.com/d/doc/js/public-firstload-pc-734fce56-b938eaa2.js:1
[   19930ms] [WARNING] [2026/06/09 20:56:00] [WARN] [Workbench] - There is already a "onVisibleChange" action point for config "addon-list" and will be override by duplicate declaration. Search "@context_menu('addon-list', 'onVisibleChange')" in your codebase to find it. @ https://res.wx.qq.com/d/doc/js/public-firstload-pc-734fce56-b938eaa2.js:1
[   19930ms] [WARNING] [2026/06/09 20:56:00] [WARN] [Workbench] - There is already a "dropdownContent" action point for config "embed-webpage" and will be override by duplicate declaration. Search "@toolbar('embed-webpage', 'dropdownContent')" in your codebase to find it. @ https://res.wx.qq.com/d/doc/js/public-firstload-pc-734fce56-b938eaa2.js:1
[   19930ms] [WARNING] [2026/06/09 20:56:00] [WARN] [Workbench] - There is already a "onClick" action point for config "addon-latex" and will be override by duplicate declaration. Search "@menu('addon-latex', 'onClick')" in your codebase to find it. @ https://res.wx.qq.com/d/doc/js/public-firstload-pc-734fce56-b938eaa2.js:1
[   19930ms] [WARNING] [2026/06/09 20:56:00] [WARN] [Workbench] - There is already a "onClick" action point for config "addon-latex" and will be override by duplicate declaration. Search "@toolbar('addon-latex', 'onClick')" in your codebase to find it. @ https://res.wx.qq.com/d/doc/js/public-firstload-pc-734fce56-b938eaa2.js:1
[   19930ms] [WARNING] [2026/06/09 20:56:00] [WARN] [Workbench] - There is already a "onClick" action point for config "addon-countdown" and will be override by duplicate declaration. Search "@menu('addon-countdown', 'onClick')" in your codebase to find it. @ https://res.wx.qq.com/d/doc/js/public-firstload-pc-734fce56-b938eaa2.js:1
[   19930ms] [WARNING] [2026/06/09 20:56:00] [WARN] [Workbench] - There is already a "onClick" action point for config "addon-countdown" and will be override by duplicate declaration. Search "@toolbar('addon-countdown', 'onClick')" in your codebase to find it. @ https://res.wx.qq.com/d/doc/js/public-firstload-pc-734fce56-b938eaa2.js:1
[   19930ms] [WARNING] [2026/06/09 20:56:00] [WARN] [Workbench] - [From: menu] The config "doc-addon-flow_chart" has already been registered, it has been replaced by new config. @ https://res.wx.qq.com/d/doc/js/public-firstload-pc-734fce56-b938eaa2.js:1
[   19930ms] [WARNING] [2026/06/09 20:56:00] [WARN] [Workbench] - [From: context_menu] The config "addon-list" has already been registered, it has been replaced by new config. @ https://res.wx.qq.com/d/doc/js/public-firstload-pc-734fce56-b938eaa2.js:1
[   19930ms] [WARNING] [2026/06/09 20:56:00] [WARN] [Workbench] - [From: context_menu] The config "context-addon-uninstalled" has already been registered, it has been replaced by new config. @ https://res.wx.qq.com/d/doc/js/public-firstload-pc-734fce56-b938eaa2.js:1
[   19930ms] [WARNING] [2026/06/09 20:56:00] [WARN] [Workbench] - [From: context_menu] The config "context-addon-installed" has already been registered, it has been replaced by new config. @ https://res.wx.qq.com/d/doc/js/public-firstload-pc-734fce56-b938eaa2.js:1
[   19930ms] [WARNING] [2026/06/09 20:56:00] [WARN] [Workbench] - [From: context_menu] The config "context-addon-none-installed" has already been registered, it has been replaced by new config. @ https://res.wx.qq.com/d/doc/js/public-firstload-pc-734fce56-b938eaa2.js:1
[   19931ms] [WARNING] [2026/06/09 20:56:00] [WARN] [Workbench] - There is already a "shouldDisabled" action point for config "system-addons-panel-title" and will be override by duplicate declaration. Search "@menu('system-addons-panel-title', 'shouldDisabled')" in your codebase to find it. @ https://res.wx.qq.com/d/doc/js/public-firstload-pc-734fce56-b938eaa2.js:1
[   19931ms] [WARNING] [2026/06/09 20:56:00] [WARN] [Workbench] - There is already a "shouldHide" action point for config "system-addons-panel-title" and will be override by duplicate declaration. Search "@menu('system-addons-panel-title', 'shouldHide')" in your codebase to find it. @ https://res.wx.qq.com/d/doc/js/public-firstload-pc-734fce56-b938eaa2.js:1
[   19931ms] [WARNING] [2026/06/09 20:56:00] [WARN] [Workbench] - There is already a "shouldHide" action point for config "unofficial-addons" and will be override by duplicate declaration. Search "@menu('unofficial-addons', 'shouldHide')" in your codebase to find it. @ https://res.wx.qq.com/d/doc/js/public-firstload-pc-734fce56-b938eaa2.js:1
[   19931ms] [WARNING] [2026/06/09 20:56:00] [WARN] [Workbench] - There is already a "shouldDisabled" action point for config "unofficial-addons" and will be override by duplicate declaration. Search "@menu('unofficial-addons', 'shouldDisabled')" in your codebase to find it. @ https://res.wx.qq.com/d/doc/js/public-firstload-pc-734fce56-b938eaa2.js:1
[   19931ms] [WARNING] [2026/06/09 20:56:00] [WARN] [Workbench] - There is already a "tooltip" action point for config "unofficial-addons" and will be override by duplicate declaration. Search "@menu('unofficial-addons', 'tooltip')" in your codebase to find it. @ https://res.wx.qq.com/d/doc/js/public-firstload-pc-734fce56-b938eaa2.js:1
[   19931ms] [WARNING] [2026/06/09 20:56:00] [WARN] [Workbench] - There is already a "icon" action point for config "addon-insert_addons" and will be override by duplicate declaration. Search "@menu('addon-insert_addons', 'icon')" in your codebase to find it. @ https://res.wx.qq.com/d/doc/js/public-firstload-pc-734fce56-b938eaa2.js:1
[   19931ms] [WARNING] [2026/06/09 20:56:00] [WARN] [Workbench] - There is already a "shouldDisabled" action point for config "addon-insert_addons" and will be override by duplicate declaration. Search "@menu('addon-insert_addons', 'shouldDisabled')" in your codebase to find it. @ https://res.wx.qq.com/d/doc/js/public-firstload-pc-734fce56-b938eaa2.js:1
[   19931ms] [WARNING] [2026/06/09 20:56:00] [WARN] [Workbench] - There is already a "shouldDisabled" action point for config "doc-addon-:menuid" and will be override by duplicate declaration. Search "@toolbar('doc-addon-:menuid', 'shouldDisabled')" in your codebase to find it. @ https://res.wx.qq.com/d/doc/js/public-firstload-pc-734fce56-b938eaa2.js:1
[   19931ms] [WARNING] [2026/06/09 20:56:00] [WARN] [Workbench] - There is already a "shouldDisabled" action point for config "addon-latex" and will be override by duplicate declaration. Search "@menu('addon-latex', 'shouldDisabled')" in your codebase to find it. @ https://res.wx.qq.com/d/doc/js/public-firstload-pc-734fce56-b938eaa2.js:1
[   19931ms] [WARNING] [2026/06/09 20:56:00] [WARN] [Workbench] - There is already a "shouldDisabled" action point for config "addon-latex" and will be override by duplicate declaration. Search "@toolbar('addon-latex', 'shouldDisabled')" in your codebase to find it. @ https://res.wx.qq.com/d/doc/js/public-firstload-pc-734fce56-b938eaa2.js:1
[   19931ms] [WARNING] [2026/06/09 20:56:00] [WARN] [Workbench] - There is already a "shouldDisabled" action point for config "addon-countdown" and will be override by duplicate declaration. Search "@menu('addon-countdown', 'shouldDisabled')" in your codebase to find it. @ https://res.wx.qq.com/d/doc/js/public-firstload-pc-734fce56-b938eaa2.js:1
[   19931ms] [WARNING] [2026/06/09 20:56:00] [WARN] [Workbench] - There is already a "shouldDisabled" action point for config "addon-countdown" and will be override by duplicate declaration. Search "@toolbar('addon-countdown', 'shouldDisabled')" in your codebase to find it. @ https://res.wx.qq.com/d/doc/js/public-firstload-pc-734fce56-b938eaa2.js:1
[   19931ms] [WARNING] [2026/06/09 20:56:00] [WARN] [Workbench] - There is already a "shouldDisabled" action point for config "doc-addon-:menuid" and will be override by duplicate declaration. Search "@menu('doc-addon-:menuid', 'shouldDisabled')" in your codebase to find it. @ https://res.wx.qq.com/d/doc/js/public-firstload-pc-734fce56-b938eaa2.js:1
[   19932ms] [WARNING] [2026/06/09 20:56:00] [WARN] [Workbench] - There is already a "shouldDisabled" action point for config "embed-webpage" and will be override by duplicate declaration. Search "@toolbar('embed-webpage', 'shouldDisabled')" in your codebase to find it. @ https://res.wx.qq.com/d/doc/js/public-firstload-pc-734fce56-b938eaa2.js:1
[   19932ms] [WARNING] [2026/06/09 20:56:00] [WARN] [Workbench] - There is already a "onClick" action point for config "doc-addon-:menuid" and will be override by duplicate declaration. Search "@toolbar('doc-addon-:menuid', 'onClick')" in your codebase to find it. @ https://res.wx.qq.com/d/doc/js/public-firstload-pc-734fce56-b938eaa2.js:1
[   19932ms] [WARNING] [2026/06/09 20:56:00] [WARN] [Workbench] - There is already a "onClick" action point for config "snippet-addon-:menuid" and will be override by duplicate declaration. Search "@menu('snippet-addon-:menuid', 'onClick')" in your codebase to find it. @ https://res.wx.qq.com/d/doc/js/public-firstload-pc-734fce56-b938eaa2.js:1
[   19932ms] [WARNING] [2026/06/09 20:56:00] [WARN] [Workbench] - There is already a "onClick" action point for config "doc-addon-:menuid" and will be override by duplicate declaration. Search "@menu('doc-addon-:menuid', 'onClick')" in your codebase to find it. @ https://res.wx.qq.com/d/doc/js/public-firstload-pc-734fce56-b938eaa2.js:1
[   19932ms] [WARNING] [2026/06/09 20:56:00] [WARN] [Workbench] - There is already a "shouldHide" action point for config "addon-list" and will be override by duplicate declaration. Search "@context_menu('addon-list', 'shouldHide')" in your codebase to find it. @ https://res.wx.qq.com/d/doc/js/public-firstload-pc-734fce56-b938eaa2.js:1
[   19932ms] [WARNING] [2026/06/09 20:56:00] [WARN] [Workbench] - There is already a "onVisibleChange" action point for config "addon-list" and will be override by duplicate declaration. Search "@context_menu('addon-list', 'onVisibleChange')" in your codebase to find it. @ https://res.wx.qq.com/d/doc/js/public-firstload-pc-734fce56-b938eaa2.js:1
[   19932ms] [WARNING] [2026/06/09 20:56:00] [WARN] [Workbench] - There is already a "dropdownContent" action point for config "embed-webpage" and will be override by duplicate declaration. Search "@toolbar('embed-webpage', 'dropdownContent')" in your codebase to find it. @ https://res.wx.qq.com/d/doc/js/public-firstload-pc-734fce56-b938eaa2.js:1
[   19932ms] [WARNING] [2026/06/09 20:56:00] [WARN] [Workbench] - There is already a "onClick" action point for config "addon-latex" and will be override by duplicate declaration. Search "@menu('addon-latex', 'onClick')" in your codebase to find it. @ https://res.wx.qq.com/d/doc/js/public-firstload-pc-734fce56-b938eaa2.js:1
[   19932ms] [WARNING] [2026/06/09 20:56:00] [WARN] [Workbench] - There is already a "onClick" action point for config "addon-latex" and will be override by duplicate declaration. Search "@toolbar('addon-latex', 'onClick')" in your codebase to find it. @ https://res.wx.qq.com/d/doc/js/public-firstload-pc-734fce56-b938eaa2.js:1
[   19932ms] [WARNING] [2026/06/09 20:56:00] [WARN] [Workbench] - There is already a "onClick" action point for config "addon-countdown" and will be override by duplicate declaration. Search "@menu('addon-countdown', 'onClick')" in your codebase to find it. @ https://res.wx.qq.com/d/doc/js/public-firstload-pc-734fce56-b938eaa2.js:1
[   19932ms] [WARNING] [2026/06/09 20:56:00] [WARN] [Workbench] - There is already a "onClick" action point for config "addon-countdown" and will be override by duplicate declaration. Search "@toolbar('addon-countdown', 'onClick')" in your codebase to find it. @ https://res.wx.qq.com/d/doc/js/public-firstload-pc-734fce56-b938eaa2.js:1
[   19933ms] [WARNING] [2026/06/09 20:56:00] [WARN] [Workbench] - [From: context_menu] The config "addon-list" has already been registered, it has been replaced by new config. @ https://res.wx.qq.com/d/doc/js/public-firstload-pc-734fce56-b938eaa2.js:1
[   19933ms] [WARNING] [2026/06/09 20:56:00] [WARN] [Workbench] - [From: context_menu] The config "context-addon-uninstalled" has already been registered, it has been replaced by new config. @ https://res.wx.qq.com/d/doc/js/public-firstload-pc-734fce56-b938eaa2.js:1
[   19933ms] [WARNING] [2026/06/09 20:56:00] [WARN] [Workbench] - [From: context_menu] The config "context-addon-installed" has already been registered, it has been replaced by new config. @ https://res.wx.qq.com/d/doc/js/public-firstload-pc-734fce56-b938eaa2.js:1
[   19933ms] [WARNING] [2026/06/09 20:56:00] [WARN] [Workbench] - [From: context_menu] The config "context-addon-none-installed" has already been registered, it has been replaced by new config. @ https://res.wx.qq.com/d/doc/js/public-firstload-pc-734fce56-b938eaa2.js:1
[   19933ms] [WARNING] [2026/06/09 20:56:00] [WARN] [Workbench] - [From: toolbar] The config "doc-addon-flow_chart" has already been registered, it has been replaced by new config. @ https://res.wx.qq.com/d/doc/js/public-firstload-pc-734fce56-b938eaa2.js:1
[   19933ms] [WARNING] [2026/06/09 20:56:00] [WARN] [Workbench] - There is already a "shouldDisabled" action point for config "system-addons-panel-title" and will be override by duplicate declaration. Search "@menu('system-addons-panel-title', 'shouldDisabled')" in your codebase to find it. @ https://res.wx.qq.com/d/doc/js/public-firstload-pc-734fce56-b938eaa2.js:1
[   19933ms] [WARNING] [2026/06/09 20:56:00] [WARN] [Workbench] - There is already a "shouldHide" action point for config "system-addons-panel-title" and will be override by duplicate declaration. Search "@menu('system-addons-panel-title', 'shouldHide')" in your codebase to find it. @ https://res.wx.qq.com/d/doc/js/public-firstload-pc-734fce56-b938eaa2.js:1
[   19933ms] [WARNING] [2026/06/09 20:56:00] [WARN] [Workbench] - There is already a "shouldHide" action point for config "unofficial-addons" and will be override by duplicate declaration. Search "@menu('unofficial-addons', 'shouldHide')" in your codebase to find it. @ https://res.wx.qq.com/d/doc/js/public-firstload-pc-734fce56-b938eaa2.js:1
[   19933ms] [WARNING] [2026/06/09 20:56:00] [WARN] [Workbench] - There is already a "shouldDisabled" action point for config "unofficial-addons" and will be override by duplicate declaration. Search "@menu('unofficial-addons', 'shouldDisabled')" in your codebase to find it. @ https://res.wx.qq.com/d/doc/js/public-firstload-pc-734fce56-b938eaa2.js:1
[   19933ms] [WARNING] [2026/06/09 20:56:00] [WARN] [Workbench] - There is already a "tooltip" action point for config "unofficial-addons" and will be override by duplicate declaration. Search "@menu('unofficial-addons', 'tooltip')" in your codebase to find it. @ https://res.wx.qq.com/d/doc/js/public-firstload-pc-734fce56-b938eaa2.js:1
[   19934ms] [WARNING] [2026/06/09 20:56:00] [WARN] [Workbench] - There is already a "icon" action point for config "addon-insert_addons" and will be override by duplicate declaration. Search "@menu('addon-insert_addons', 'icon')" in your codebase to find it. @ https://res.wx.qq.com/d/doc/js/public-firstload-pc-734fce56-b938eaa2.js:1
[   19934ms] [WARNING] [2026/06/09 20:56:00] [WARN] [Workbench] - There is already a "shouldDisabled" action point for config "addon-insert_addons" and will be override by duplicate declaration. Search "@menu('addon-insert_addons', 'shouldDisabled')" in your codebase to find it. @ https://res.wx.qq.com/d/doc/js/public-firstload-pc-734fce56-b938eaa2.js:1
[   19934ms] [WARNING] [2026/06/09 20:56:00] [WARN] [Workbench] - There is already a "shouldDisabled" action point for config "doc-addon-:menuid" and will be override by duplicate declaration. Search "@toolbar('doc-addon-:menuid', 'shouldDisabled')" in your codebase to find it. @ https://res.wx.qq.com/d/doc/js/public-firstload-pc-734fce56-b938eaa2.js:1
[   19934ms] [WARNING] [2026/06/09 20:56:00] [WARN] [Workbench] - There is already a "shouldDisabled" action point for config "addon-latex" and will be override by duplicate declaration. Search "@menu('addon-latex', 'shouldDisabled')" in your codebase to find it. @ https://res.wx.qq.com/d/doc/js/public-firstload-pc-734fce56-b938eaa2.js:1
[   19934ms] [WARNING] [2026/06/09 20:56:00] [WARN] [Workbench] - There is already a "shouldDisabled" action point for config "addon-latex" and will be override by duplicate declaration. Search "@toolbar('addon-latex', 'shouldDisabled')" in your codebase to find it. @ https://res.wx.qq.com/d/doc/js/public-firstload-pc-734fce56-b938eaa2.js:1
[   19934ms] [WARNING] [2026/06/09 20:56:00] [WARN] [Workbench] - There is already a "shouldDisabled" action point for config "addon-countdown" and will be override by duplicate declaration. Search "@menu('addon-countdown', 'shouldDisabled')" in your codebase to find it. @ https://res.wx.qq.com/d/doc/js/public-firstload-pc-734fce56-b938eaa2.js:1
[   19934ms] [WARNING] [2026/06/09 20:56:00] [WARN] [Workbench] - There is already a "shouldDisabled" action point for config "addon-countdown" and will be override by duplicate declaration. Search "@toolbar('addon-countdown', 'shouldDisabled')" in your codebase to find it. @ https://res.wx.qq.com/d/doc/js/public-firstload-pc-734fce56-b938eaa2.js:1
[   19934ms] [WARNING] [2026/06/09 20:56:00] [WARN] [Workbench] - There is already a "shouldDisabled" action point for config "doc-addon-:menuid" and will be override by duplicate declaration. Search "@menu('doc-addon-:menuid', 'shouldDisabled')" in your codebase to find it. @ https://res.wx.qq.com/d/doc/js/public-firstload-pc-734fce56-b938eaa2.js:1
[   19934ms] [WARNING] [2026/06/09 20:56:00] [WARN] [Workbench] - There is already a "shouldDisabled" action point for config "embed-webpage" and will be override by duplicate declaration. Search "@toolbar('embed-webpage', 'shouldDisabled')" in your codebase to find it. @ https://res.wx.qq.com/d/doc/js/public-firstload-pc-734fce56-b938eaa2.js:1
[   19934ms] [WARNING] [2026/06/09 20:56:00] [WARN] [Workbench] - There is already a "onClick" action point for config "doc-addon-:menuid" and will be override by duplicate declaration. Search "@toolbar('doc-addon-:menuid', 'onClick')" in your codebase to find it. @ https://res.wx.qq.com/d/doc/js/public-firstload-pc-734fce56-b938eaa2.js:1
[   19934ms] [WARNING] [2026/06/09 20:56:00] [WARN] [Workbench] - There is already a "onClick" action point for config "snippet-addon-:menuid" and will be override by duplicate declaration. Search "@menu('snippet-addon-:menuid', 'onClick')" in your codebase to find it. @ https://res.wx.qq.com/d/doc/js/public-firstload-pc-734fce56-b938eaa2.js:1
[   19934ms] [WARNING] [2026/06/09 20:56:00] [WARN] [Workbench] - There is already a "onClick" action point for config "doc-addon-:menuid" and will be override by duplicate declaration. Search "@menu('doc-addon-:menuid', 'onClick')" in your codebase to find it. @ https://res.wx.qq.com/d/doc/js/public-firstload-pc-734fce56-b938eaa2.js:1
[   19934ms] [WARNING] [2026/06/09 20:56:00] [WARN] [Workbench] - There is already a "shouldHide" action point for config "addon-list" and will be override by duplicate declaration. Search "@context_menu('addon-list', 'shouldHide')" in your codebase to find it. @ https://res.wx.qq.com/d/doc/js/public-firstload-pc-734fce56-b938eaa2.js:1
[   19934ms] [WARNING] [2026/06/09 20:56:00] [WARN] [Workbench] - There is already a "onVisibleChange" action point for config "addon-list" and will be override by duplicate declaration. Search "@context_menu('addon-list', 'onVisibleChange')" in your codebase to find it. @ https://res.wx.qq.com/d/doc/js/public-firstload-pc-734fce56-b938eaa2.js:1
[   19934ms] [WARNING] [2026/06/09 20:56:00] [WARN] [Workbench] - There is already a "dropdownContent" action point for config "embed-webpage" and will be override by duplicate declaration. Search "@toolbar('embed-webpage', 'dropdownContent')" in your codebase to find it. @ https://res.wx.qq.com/d/doc/js/public-firstload-pc-734fce56-b938eaa2.js:1
[   19934ms] [WARNING] [2026/06/09 20:56:00] [WARN] [Workbench] - There is already a "onClick" action point for config "addon-latex" and will be override by duplicate declaration. Search "@menu('addon-latex', 'onClick')" in your codebase to find it. @ https://res.wx.qq.com/d/doc/js/public-firstload-pc-734fce56-b938eaa2.js:1
[   19934ms] [WARNING] [2026/06/09 20:56:00] [WARN] [Workbench] - There is already a "onClick" action point for config "addon-latex" and will be override by duplicate declaration. Search "@toolbar('addon-latex', 'onClick')" in your codebase to find it. @ https://res.wx.qq.com/d/doc/js/public-firstload-pc-734fce56-b938eaa2.js:1
[   19934ms] [WARNING] [2026/06/09 20:56:00] [WARN] [Workbench] - There is already a "onClick" action point for config "addon-countdown" and will be override by duplicate declaration. Search "@menu('addon-countdown', 'onClick')" in your codebase to find it. @ https://res.wx.qq.com/d/doc/js/public-firstload-pc-734fce56-b938eaa2.js:1
[   19934ms] [WARNING] [2026/06/09 20:56:00] [WARN] [Workbench] - There is already a "onClick" action point for config "addon-countdown" and will be override by duplicate declaration. Search "@toolbar('addon-countdown', 'onClick')" in your codebase to find it. @ https://res.wx.qq.com/d/doc/js/public-firstload-pc-734fce56-b938eaa2.js:1
[   19963ms] [WARNING] [2026/06/09 20:56:00] [WARN] [Workbench] - Key "canShowCertification" is not exists. Update ignored. @ https://res.wx.qq.com/d/doc/js/public-firstload-pc-734fce56-b938eaa2.js:1
[   20125ms] [LOG] [j-report] 准备主动上报数据： {"topic":"SDK-b99328fe37901c8f78c5","data":[{"message":"{\"level\":\"info\",\"ext1\":\"docs-component-mention-contact-panel\",\"custom_padId\":\"w3_AVcARQbxADcCNCAU7PjaSSXeg9vrI\",\"custom_padType\":\"doc\",\"custom_version\":\"\\\"3.23.32\\\"\",\"custom_deviceType\":\"pc\",\"custom_webPageHostContainer\":\"chrome\",\"custom_eventName\":\"组件资源加载耗时\",\"custom_duration\":309,\"custom_url\":\"//res.wx.qq.com/d/docs_components/docs-component-mention-contact-panel.ada05ef5.js\",\"custom_fileExtension\":\"js\"}","fields":"{\"id\":\"SDK-b99328fe37901c8f78c5\",\"uid\":\"144115352762772854\",\"aid\":\"j-report\",\"env\":\"production\",\"type\":\"custom_event\"}","timestamp":1781009760563}]} @ https://res.wx.qq.com/d/doc/js/feature-pc-38207-bab0814e.js:1
[   20128ms] [LOG] [specialuser]no in corplist @ https://res.wx.qq.com/d/docs_components/docs-component-mention-contact-panel.ada05ef5.js:1
[   20129ms] [LOG] [specialuser]get initPromise @ https://res.wx.qq.com/d/docs_components/docs-component-mention-contact-panel.ada05ef5.js:1
[   20129ms] [LOG] [specialuser]init promise @ https://res.wx.qq.com/d/docs_components/docs-component-mention-contact-panel.ada05ef5.js:1
[   20129ms] [LOG] [specialuser]resolve @ https://res.wx.qq.com/d/docs_components/docs-component-mention-contact-panel.ada05ef5.js:1
[   20467ms] [LOG] [j-report] 准备主动上报数据： {"topic":"SDK-b99328fe37901c8f78c5","data":[{"message":"{\"level\":\"info\",\"ext1\":\"docs-component-account-avatar\",\"custom_padId\":\"w3_AVcARQbxADcCNCAU7PjaSSXeg9vrI\",\"custom_padType\":\"doc\",\"custom_version\":\"\\\"3.23.32\\\"\",\"custom_deviceType\":\"pc\",\"custom_webPageHostContainer\":\"chrome\",\"custom_eventName\":\"组件资源加载耗时\",\"custom_duration\":392,\"custom_url\":\"//res.wx.qq.com/d/docs_components/docs-component-account-avatar.a0ff3c1f.js\",\"custom_fileExtension\":\"js\"}","fields":"{\"id\":\"SDK-b99328fe37901c8f78c5\",\"uid\":\"144115352762772854\",\"aid\":\"j-report\",\"env\":\"production\",\"type\":\"custom_event\"}","timestamp":1781009760905}]} @ https://res.wx.qq.com/d/doc/js/feature-pc-38207-bab0814e.js:1
[   20521ms] [LOG] [j-report] 准备主动上报数据： {"topic":"SDK-b99328fe37901c8f78c5","data":[{"message":"{\"level\":\"info\",\"ext1\":\"docs-component-collect\",\"custom_padId\":\"w3_AVcARQbxADcCNCAU7PjaSSXeg9vrI\",\"custom_padType\":\"doc\",\"custom_version\":\"\\\"3.23.32\\\"\",\"custom_deviceType\":\"pc\",\"custom_webPageHostContainer\":\"chrome\",\"custom_eventName\":\"组件资源加载耗时\",\"custom_duration\":388,\"custom_url\":\"//res.wx.qq.com/d/docs_components/docs-component-collect.8aa2719a.js\",\"custom_fileExtension\":\"js\"}","fields":"{\"id\":\"SDK-b99328fe37901c8f78c5\",\"uid\":\"144115352762772854\",\"aid\":\"j-report\",\"env\":\"production\",\"type\":\"custom_event\"}","timestamp":1781009760960}]} @ https://res.wx.qq.com/d/doc/js/feature-pc-38207-bab0814e.js:1
[   20542ms] [WARNING] [2026/06/09 20:56:00] [WARN] [Workbench] - key isRulerShow has already been registered, thus ignored. @ https://res.wx.qq.com/d/doc/js/public-firstload-pc-734fce56-b938eaa2.js:1
[   20557ms] [WARNING] [DUI] 1.19.0-common/global.css 重复引入了 2 次 @ https://res.wx.qq.com/d/doc/js/public-firstload-pc-9ebd23ae-31715560.js:1
[   20558ms] [LOG] [j-report] 主动上报成功： {code: 0, msg: dropped} @ https://res.wx.qq.com/d/doc/js/feature-pc-38207-bab0814e.js:1
[   20559ms] [LOG] [FileMetaInfoService] formatResponseData {vid: 1688855093790039, type: 1, name: 叶小盾3号-主材小管家, avatar: https://wework.qpic.cn/wwpic3az/845759_pTbfZE0-TMyDMie_1758351645/0, corp_name: 大盾自装家} {app_flag: 0, avatar: https://thirdwx.qlogo.cn/mmopen/vi_32/PiajxSqBRaEL…nYnFC3nqDB0waBYDIfdu6ic3vnI4lVLGib28oVadPicog/132, cgicode: 0, client_ip: , corp_id: } @ https://res.wx.qq.com/d/doc/js/feature-pc-67929-b758ed88.js:0
[   20562ms] [INFO] [capacity-check][info] FileMetaInfo.subscribe with data: {creatorVid: 1688855093790039, creatorName: 叶小盾3号-主材小管家, createTime: 2025-12-5, isSelf: false, isSameCorp: false} @ https://res.wx.qq.com/d/doc/js/feature-pc-27024-031f634a.js:0
[   20563ms] [WARNING] [DUI] 1.19.0-components/Loading/style/spin.css 重复引入了 2 次 @ https://res.wx.qq.com/d/doc/js/public-firstload-pc-9ebd23ae-31715560.js:1
[   20563ms] [WARNING] [DUI] 1.19.0-components/Snackbar/style/index.css 重复引入了 2 次 @ https://res.wx.qq.com/d/doc/js/public-firstload-pc-9ebd23ae-31715560.js:1
[   20563ms] [WARNING] [DUI] 1.19.0-components/Dropdown/style/index.css 重复引入了 2 次 @ https://res.wx.qq.com/d/doc/js/public-firstload-pc-9ebd23ae-31715560.js:1
[   20563ms] [WARNING] [DUI] 1.19.0-components/Button/style/index.css 重复引入了 2 次 @ https://res.wx.qq.com/d/doc/js/public-firstload-pc-9ebd23ae-31715560.js:1
[   20563ms] [WARNING] [DUI] 1.19.0-components/Input/style/index.css 重复引入了 2 次 @ https://res.wx.qq.com/d/doc/js/public-firstload-pc-9ebd23ae-31715560.js:1
[   20563ms] [WARNING] [DUI] 1.19.0-components/Menu/style/index.css 重复引入了 2 次 @ https://res.wx.qq.com/d/doc/js/public-firstload-pc-9ebd23ae-31715560.js:1
[   20686ms] [WARNING] [DUI] 1.19.0-components/Modal/style/index.css 重复引入了 2 次 @ https://res.wx.qq.com/d/doc/js/public-firstload-pc-9ebd23ae-31715560.js:1
[   20687ms] [LOG] [j-report] 主动上报成功： {code: 0, msg: ok} @ https://res.wx.qq.com/d/doc/js/feature-pc-38207-bab0814e.js:1
[   20690ms] [LOG] [j-report] 主动上报成功： {code: 0, msg: dropped} @ https://res.wx.qq.com/d/doc/js/feature-pc-38207-bab0814e.js:1
[   20699ms] [WARNING] awaitload Symbol(feature:comment_ent_pc) @ https://res.wx.qq.com/d/doc/js/public-firstload-pc-bc7daab7-60b25f25.js:0
[   20803ms] [LOG] [j-report] 准备主动上报数据： {"topic":"SDK-b99328fe37901c8f78c5","data":[{"message":"{\"level\":\"info\",\"ext1\":\"docs-component-avatar-nick-nameplate\",\"custom_padId\":\"w3_AVcARQbxADcCNCAU7PjaSSXeg9vrI\",\"custom_padType\":\"doc\",\"custom_version\":\"\\\"3.23.32\\\"\",\"custom_deviceType\":\"pc\",\"custom_webPageHostContainer\":\"chrome\",\"custom_eventName\":\"组件资源加载耗时\",\"custom_duration\":329,\"custom_url\":\"//res.wx.qq.com/d/docs_components/docs-component-avatar-nick-nameplate.c1e5d4b9.js\",\"custom_fileExtension\":\"js\"}","fields":"{\"id\":\"SDK-b99328fe37901c8f78c5\",\"uid\":\"144115352762772854\",\"aid\":\"j-report\",\"env\":\"production\",\"type\":\"custom_event\"}","timestamp":1781009761241}]} @ https://res.wx.qq.com/d/doc/js/feature-pc-38207-bab0814e.js:1
[   20941ms] [LOG] [j-report] 主动上报成功： {code: 0, msg: dropped} @ https://res.wx.qq.com/d/doc/js/feature-pc-38207-bab0814e.js:1
[   20954ms] [WARNING] awaitload Symbol(feature:comment_ent_base) @ https://res.wx.qq.com/d/doc/js/public-firstload-pc-bc7daab7-60b25f25.js:0
[   20954ms] [WARNING] awaitload Symbol(feature:comment_ent_base) @ https://res.wx.qq.com/d/doc/js/public-firstload-pc-bc7daab7-60b25f25.js:0
[   21044ms] [LOG] comment_redux_store_log {type: commentUI/update, payload: Object} @ https://res.wx.qq.com/d/doc/js/feature-pc-level1-049a0263.js:1
[   21048ms] [LOG] comment_redux_store_log {type: commentUI/update, payload: Object} @ https://res.wx.qq.com/d/doc/js/feature-pc-level1-049a0263.js:1
[   21050ms] [ERROR] 缺少DocId或CropID，执行KVR.resetDefaultOssData({DocID})设置 @ https://res.wx.qq.com/d/alloy-report-sdk/latest/v4/alloyreport.sdk.js:0
[   21051ms] [ERROR] 缺少DocId或CropID，执行KVR.resetDefaultOssData({DocID})设置 @ https://res.wx.qq.com/d/alloy-report-sdk/latest/v4/alloyreport.sdk.js:0
[   21051ms] [ERROR] 缺少DocId或CropID，执行KVR.resetDefaultOssData({DocID})设置 @ https://res.wx.qq.com/d/alloy-report-sdk/latest/v4/alloyreport.sdk.js:0
[   21051ms] [LOG] [discussion-ext] 20:56:00.288 update unread count {"useDocId":"w3_AVcARQbxADcCNCAU7PjaSSXeg9vrI","source":"syncUnreadCount","canCleanUnread":false,"unreadCount":0} @ https://res.wx.qq.com/d/discussion-ext/latest/discussion-ext-5.release.pc.js?disabledMobileNotify=true&supportCommentPlacement=true&top=48&showTopBorder=true&disabledMobileEntry=true:1
[   21061ms] [WARNING] awaitload Symbol(feature:read_record) @ https://res.wx.qq.com/d/doc/js/public-firstload-pc-bc7daab7-60b25f25.js:0
[   21069ms] [LOG] comment_redux_store_log {type: commentUI/update, payload: Object} @ https://res.wx.qq.com/d/doc/js/feature-pc-level1-049a0263.js:1
[   21916ms] [WARNING] [export]isSupportNativeMask false @ https://res.wx.qq.com/d/doc/js/feature-pc-file_export_handler-712f82e7.js:1
[   21917ms] [WARNING] [export]issupport false @ https://res.wx.qq.com/d/doc/js/feature-pc-file_export_handler-712f82e7.js:1
[   21956ms] [WARNING] awaitload Symbol(feature:addon_hina) @ https://res.wx.qq.com/d/doc/js/public-firstload-pc-bc7daab7-60b25f25.js:0
[   22011ms] [LOG] 重定向时间:0毫秒(ms) @ https://res.wx.qq.com/d/doc/js/public-firstload-pc-bc7daab7-60b25f25.js:0
[   22011ms] [LOG] DNS解析时间:0毫秒(ms) @ https://res.wx.qq.com/d/doc/js/public-firstload-pc-bc7daab7-60b25f25.js:0
[   22011ms] [LOG] TCP完成握手时间:0毫秒(ms) @ https://res.wx.qq.com/d/doc/js/public-firstload-pc-bc7daab7-60b25f25.js:0
[   22011ms] [LOG] HTTP请求响应完成时间:529毫秒(ms) @ https://res.wx.qq.com/d/doc/js/public-firstload-pc-bc7daab7-60b25f25.js:0
[   22012ms] [LOG] DOM开始加载前所花费时间:531毫秒(ms) @ https://res.wx.qq.com/d/doc/js/public-firstload-pc-bc7daab7-60b25f25.js:0
[   22012ms] [LOG] DOM加载完成时间:1590毫秒(ms) @ https://res.wx.qq.com/d/doc/js/public-firstload-pc-bc7daab7-60b25f25.js:0
[   22012ms] [LOG] DOM结构解析完成时间:399毫秒(ms) @ https://res.wx.qq.com/d/doc/js/public-firstload-pc-bc7daab7-60b25f25.js:0
[   22012ms] [LOG] 脚本加载时间:0毫秒(ms) @ https://res.wx.qq.com/d/doc/js/public-firstload-pc-bc7daab7-60b25f25.js:0
[   22012ms] [LOG] onload事件时间:0毫秒(ms) @ https://res.wx.qq.com/d/doc/js/public-firstload-pc-bc7daab7-60b25f25.js:0
[   22012ms] [LOG] domContentLoaded:1746毫秒(ms) @ https://res.wx.qq.com/d/doc/js/public-firstload-pc-bc7daab7-60b25f25.js:0
[   22012ms] [LOG] load:2021毫秒(ms) @ https://res.wx.qq.com/d/doc/js/public-firstload-pc-bc7daab7-60b25f25.js:0
[   22012ms] [LOG] 页面完全加载时间:2518毫秒(ms) @ https://res.wx.qq.com/d/doc/js/public-firstload-pc-bc7daab7-60b25f25.js:0
[   22012ms] [LOG] PerformanceTiming @ https://res.wx.qq.com/d/doc/js/public-firstload-pc-bc7daab7-60b25f25.js:0
[   22034ms] [WARNING] [DUI] components/Input/style/index.css 存在多个版本:  0.122.5  1.19.0  1.15.0 @ https://res.wx.qq.com/d/doc/js/feature-pc-52118-c403ca77.js:1
[   22034ms] [WARNING] [DUI] components/Dropdown/style/index.css 存在多个版本:  0.122.5  1.19.0  1.15.0 @ https://res.wx.qq.com/d/doc/js/feature-pc-52118-c403ca77.js:1
[   22034ms] [WARNING] [DUI] components/Menu/style/index.css 存在多个版本:  0.122.5  1.19.0  1.15.0 @ https://res.wx.qq.com/d/doc/js/feature-pc-52118-c403ca77.js:1
[   22034ms] [WARNING] [DUI] components/Select/style/index.css 存在多个版本:  1.19.0  1.15.0 @ https://res.wx.qq.com/d/doc/js/feature-pc-52118-c403ca77.js:1
[   22034ms] [WARNING] [DUI] components/Checkbox/style/index.css 存在多个版本:  0.122.5  1.19.0  1.15.0 @ https://res.wx.qq.com/d/doc/js/feature-pc-52118-c403ca77.js:1
[   22034ms] [WARNING] [DUI] components/Divider/style/index.css 存在多个版本:  1.19.0  1.15.0 @ https://res.wx.qq.com/d/doc/js/feature-pc-52118-c403ca77.js:1
[   22035ms] [WARNING] [DUI] 1.19.0-components/Tooltip/style/index.css 重复引入了 2 次 @ https://res.wx.qq.com/d/doc/js/public-firstload-pc-9ebd23ae-31715560.js:1
[   22119ms] [WARNING] [DUI] 1.19.0-components/Loading/style/index.css 重复引入了 2 次 @ https://res.wx.qq.com/d/doc/js/public-firstload-pc-9ebd23ae-31715560.js:1
[   22120ms] [ERROR] Failed to load resource: the server responded with a status of 400 () @ https://docrp.weixin.qq.com/wl/api/v1/open/report:0
[   22121ms] [WARNING] [wl]BLOCK_USER_ERROR_CODE_open_time_cost超过主动上报次数，忽略本次上报 @ https://doc.weixin.qq.com/scenario/pub/wl2/browser-backend-worker-1.56.0.js:1
[   22121ms] [ERROR] Failed to load resource: the server responded with a status of 400 () @ https://docrp.weixin.qq.com/wl/api/v1/open/report:0
[   22121ms] [WARNING] [wl]BLOCK_USER_ERROR_CODE_OutlineService超过主动上报次数，忽略本次上报 @ https://doc.weixin.qq.com/scenario/pub/wl2/browser-backend-worker-1.56.0.js:1
[   22124ms] [WARNING] [2026/06/09 20:56:02] [WARN] [Workbench] - The menu config "none" is reserved. @ https://res.wx.qq.com/d/doc/js/public-firstload-pc-734fce56-b938eaa2.js:1
[   22127ms] [WARNING] [DUI] 1.19.0-components/ColorPicker/style/index.css 重复引入了 2 次 @ https://res.wx.qq.com/d/doc/js/public-firstload-pc-9ebd23ae-31715560.js:1
[   22127ms] [WARNING] [DUI] 1.19.0-components/Switch/style/index.css 重复引入了 2 次 @ https://res.wx.qq.com/d/doc/js/public-firstload-pc-9ebd23ae-31715560.js:1
[   22377ms] [WARNING] [2026/06/09 20:56:02] [WARN] [Workbench] - There is already a "shouldDisabled" action point for config "third-party-addons-panel-title" and will be override by duplicate declaration. Search "@menu('third-party-addons-panel-title', 'shouldDisabled')" in your codebase to find it. @ https://res.wx.qq.com/d/doc/js/public-firstload-pc-734fce56-b938eaa2.js:1
[   22377ms] [WARNING] [2026/06/09 20:56:02] [WARN] [Workbench] - There is already a "shouldDisabled" action point for config "addon-:menuid" and will be override by duplicate declaration. Search "@menu('addon-:menuid', 'shouldDisabled')" in your codebase to find it. @ https://res.wx.qq.com/d/doc/js/public-firstload-pc-734fce56-b938eaa2.js:1
[   22377ms] [WARNING] [2026/06/09 20:56:02] [WARN] [Workbench] - There is already a "onClick" action point for config "addon-:menuid" and will be override by duplicate declaration. Search "@menu('addon-:menuid', 'onClick')" in your codebase to find it. @ https://res.wx.qq.com/d/doc/js/public-firstload-pc-734fce56-b938eaa2.js:1
[   22378ms] [WARNING] [2026/06/09 20:56:02] [WARN] [Workbench] - There is already a "onClick" action point for config "sub-addon-:menuid" and will be override by duplicate declaration. Search "@menu('sub-addon-:menuid', 'onClick')" in your codebase to find it. @ https://res.wx.qq.com/d/doc/js/public-firstload-pc-734fce56-b938eaa2.js:1
[   22378ms] [WARNING] [2026/06/09 20:56:02] [WARN] [Workbench] - There is already a "onClick" action point for config "addon-mall-:tab" and will be override by duplicate declaration. Search "@menu('addon-mall-:tab', 'onClick')" in your codebase to find it. @ https://res.wx.qq.com/d/doc/js/public-firstload-pc-734fce56-b938eaa2.js:1
[   22378ms] [WARNING] [2026/06/09 20:56:02] [WARN] [Workbench] - There is already a "shouldDisabled" action point for config "addon-mall-:tab" and will be override by duplicate declaration. Search "@menu('addon-mall-:tab', 'shouldDisabled')" in your codebase to find it. @ https://res.wx.qq.com/d/doc/js/public-firstload-pc-734fce56-b938eaa2.js:1
[   22378ms] [WARNING] [2026/06/09 20:56:02] [WARN] [Workbench] - There is already a "dropdownContent" action point for config "sdk-unofficial-addons-toolbar" and will be override by duplicate declaration. Search "@toolbar('sdk-unofficial-addons-toolbar', 'dropdownContent')" in your codebase to find it. @ https://res.wx.qq.com/d/doc/js/public-firstload-pc-734fce56-b938eaa2.js:1
[   22592ms] [WARNING] [2026/06/09 20:56:03] [WARN] [Workbench] - key translateOpened has already been registered, thus ignored. @ https://res.wx.qq.com/d/doc/js/public-firstload-pc-734fce56-b938eaa2.js:1
[   22833ms] [WARNING] [DUI] 1.19.0-components/Select/style/index.css 重复引入了 2 次 @ https://res.wx.qq.com/d/doc/js/public-firstload-pc-9ebd23ae-31715560.js:1
[   22834ms] [WARNING] [DUI] 1.19.0-components/Checkbox/style/index.css 重复引入了 2 次 @ https://res.wx.qq.com/d/doc/js/public-firstload-pc-9ebd23ae-31715560.js:1
[   22849ms] [WARNING] [DUI] 1.19.0-components/Divider/style/index.css 重复引入了 2 次 @ https://res.wx.qq.com/d/doc/js/public-firstload-pc-9ebd23ae-31715560.js:1
[   22974ms] [WARNING] [DUI] 1.19.0-components/Radio/style/index.css 重复引入了 2 次 @ https://res.wx.qq.com/d/doc/js/public-firstload-pc-9ebd23ae-31715560.js:1
[   23128ms] [WARNING] [DUI] common/global.css 存在多个版本:  0.122.5  1.19.0  1.15.0  1.12.0  0.136.2 @ https://res.wx.qq.com/d/docs_components/docs-component-mention-contact-panel.ada05ef5.js:1
[   23128ms] [WARNING] [DUI] components/Button/style/index.css 存在多个版本:  0.122.5  1.19.0  1.15.0  0.136.2 @ https://res.wx.qq.com/d/docs_components/docs-component-mention-contact-panel.ada05ef5.js:1
[   23128ms] [WARNING] [DUI] components/Modal/style/index.css 存在多个版本:  0.122.5  1.19.0  0.136.2 @ https://res.wx.qq.com/d/docs_components/docs-component-mention-contact-panel.ada05ef5.js:1
[   23128ms] [WARNING] [DUI] components/Loading/style/spin.css 存在多个版本:  0.122.5  1.19.0  0.136.2 @ https://res.wx.qq.com/d/docs_components/docs-component-mention-contact-panel.ada05ef5.js:1
[   23128ms] [WARNING] [DUI] components/Snackbar/style/index.css 存在多个版本:  0.122.5  1.19.0  0.136.2 @ https://res.wx.qq.com/d/docs_components/docs-component-mention-contact-panel.ada05ef5.js:1
[   23452ms] [WARNING] [DUI] components/Avatar/style/index.css 存在多个版本:  1.19.0  0.136.2 @ https://res.wx.qq.com/d/docs_components/docs-component-account-avatar.a0ff3c1f.js:1
[   23484ms] [WARNING] [DUI] components/Tooltip/style/index.css 存在多个版本:  1.19.0  1.15.0  1.12.0  0.136.2 @ https://res.wx.qq.com/d/docs_components/docs-component-account-avatar.a0ff3c1f.js:1
[   23484ms] [WARNING] [DUI] 0.136.2-components/Button/style/index.css 重复引入了 2 次 @ https://res.wx.qq.com/d/docs_components/docs-component-account-avatar.a0ff3c1f.js:1
[   23531ms] [WARNING] [DUI-MOBILE] components/Loading/style/spin.css 存在多个版本:  0.77.0  0.74.2 @ https://res.wx.qq.com/d/docs_components/docs-component-collect.8aa2719a.js:1
[   23531ms] [WARNING] [DUI-MOBILE] common/global.css 存在多个版本:  0.86.0  1.0.0  0.77.0  0.74.2 @ https://res.wx.qq.com/d/docs_components/docs-component-collect.8aa2719a.js:1
[   23532ms] [WARNING] [DUI-MOBILE] components/Button/style/index.css 存在多个版本:  1.0.0  0.77.0  0.74.2 @ https://res.wx.qq.com/d/docs_components/docs-component-collect.8aa2719a.js:1
[   23532ms] [WARNING] [DUI-MOBILE] components/Snackbar/style/index.css 存在多个版本:  0.77.0  0.74.2 @ https://res.wx.qq.com/d/docs_components/docs-component-collect.8aa2719a.js:1
[   23775ms] [WARNING] [DUI] 0.136.2-common/global.css 重复引入了 4 次 @ https://res.wx.qq.com/d/docs_components/docs-component-avatar-nick-nameplate.c1e5d4b9.js:1
[   23775ms] [WARNING] [DUI] 0.136.2-components/Avatar/style/index.css 重复引入了 2 次 @ https://res.wx.qq.com/d/docs_components/docs-component-avatar-nick-nameplate.c1e5d4b9.js:1
[   23775ms] [WARNING] [DUI] 0.136.2-components/Tooltip/style/index.css 重复引入了 3 次 @ https://res.wx.qq.com/d/docs_components/docs-component-avatar-nick-nameplate.c1e5d4b9.js:1
[   23781ms] [INFO] [CollabCenter] handleUserJoin {vids: Array(1), vidsLength: 1, viewingUserLength: 0} @ https://res.wx.qq.com/d/doc/js/feature-pc-9270-5c438eda.js:0
[   23781ms] [INFO] [CollabCenter] handleUserJoin {vids: Array(3), vidsLength: 3, viewingUserLength: 0} @ https://res.wx.qq.com/d/doc/js/feature-pc-9270-5c438eda.js:0
[   23812ms] [WARNING] [DUI-MOBILE] 0.77.0-components/Loading/style/spin.css 重复引入了 2 次 @ https://res.wx.qq.com/d/docs_components/docs-component-avatar-nick-nameplate.c1e5d4b9.js:1
[   23812ms] [WARNING] [DUI-MOBILE] 0.77.0-common/global.css 重复引入了 2 次 @ https://res.wx.qq.com/d/docs_components/docs-component-avatar-nick-nameplate.c1e5d4b9.js:1
[   23812ms] [WARNING] [DUI-MOBILE] 0.77.0-components/Button/style/index.css 重复引入了 2 次 @ https://res.wx.qq.com/d/docs_components/docs-component-avatar-nick-nameplate.c1e5d4b9.js:1
[   23812ms] [WARNING] [DUI-MOBILE] 0.77.0-components/Snackbar/style/index.css 重复引入了 2 次 @ https://res.wx.qq.com/d/docs_components/docs-component-avatar-nick-nameplate.c1e5d4b9.js:1
[   23812ms] [WARNING] [DUI] 0.136.2-components/Loading/style/spin.css 重复引入了 4 次 @ https://res.wx.qq.com/d/docs_components/docs-component-avatar-nick-nameplate.c1e5d4b9.js:1
[   23812ms] [WARNING] [DUI] 0.136.2-components/Snackbar/style/index.css 重复引入了 4 次 @ https://res.wx.qq.com/d/docs_components/docs-component-avatar-nick-nameplate.c1e5d4b9.js:1
[   24944ms] [WARNING] [DUI-MOBILE] 0.86.0-common/global.css 重复引入了 2 次 @ https://res.wx.qq.com/d/doc/js/feature-pc-46135-958b66c6.js:1
[   24944ms] [WARNING] [DUI-MOBILE] 0.86.0-components/Toast/style/index.css 重复引入了 2 次 @ https://res.wx.qq.com/d/doc/js/feature-pc-46135-958b66c6.js:1
[   26571ms] [ERROR] Failed to load resource: the server responded with a status of 502 () @ https://report.idqqimg.com/node_b/zzsreport?datas=%5B%5B%22doc%22%2C%22status%22%2C%22%E5%85%B3%E9%94%AE%E6%95%B0%E6%8D%AE%E8%8E%B7%E5%8F%96%E5%A4%B1%E8%B4%A5%22%2C0%5D%5D&domain=wecom&client=&env=&t=1781009757989:0
[   26640ms] [ERROR] Access to resource at 'https://report.idqqimg.com/node_b/zzsreport' from origin 'https://doc.weixin.qq.com' has been blocked by CORS policy: No 'Access-Control-Allow-Origin' header is present on the requested resource. @ https://doc.weixin.qq.com/doc/w3_AVcARQbxADcCNCAU7PjaSSXeg9vrI?scode=AEAAkAegAFMt3ehnv9AVcARQbxADc:0
[   26640ms] [ERROR] Failed to load resource: net::ERR_FAILED @ https://report.idqqimg.com/node_b/zzsreport:0
[   77823ms] [INFO] [CollabCenter] handleNetStatusChange {online: true, currentOnline: true} @ https://res.wx.qq.com/d/doc/js/feature-pc-9270-5c438eda.js:0
[   87519ms] [ERROR] Access to resource at 'https://report.idqqimg.com/node_b/zzsreport' from origin 'https://doc.weixin.qq.com' has been blocked by CORS policy: No 'Access-Control-Allow-Origin' header is present on the requested resource. @ https://doc.weixin.qq.com/doc/w3_AVcARQbxADcCNCAU7PjaSSXeg9vrI?scode=AEAAkAegAFMt3ehnv9AVcARQbxADc:0
[   87519ms] [ERROR] Failed to load resource: net::ERR_FAILED @ https://report.idqqimg.com/node_b/zzsreport:0
[   87578ms] [ERROR] Access to resource at 'https://report.idqqimg.com/node_b/zzsreport' from origin 'https://doc.weixin.qq.com' has been blocked by CORS policy: No 'Access-Control-Allow-Origin' header is present on the requested resource. @ https://doc.weixin.qq.com/doc/w3_AVcARQbxADcCNCAU7PjaSSXeg9vrI?scode=AEAAkAegAFMt3ehnv9AVcARQbxADc:0
[   87578ms] [ERROR] Failed to load resource: net::ERR_FAILED @ https://report.idqqimg.com/node_b/zzsreport:0
[   96859ms] [INFO] [CollabCenter] handleUserJoin {vids: Array(1), vidsLength: 1, viewingUserLength: 3} @ https://res.wx.qq.com/d/doc/js/feature-pc-9270-5c438eda.js:0
[  100382ms] [INFO] [CollabCenter] handleUserLeave [13102672169085689] @ https://res.wx.qq.com/d/doc/js/feature-pc-9270-5c438eda.js:0
[  101880ms] [INFO] [CollabCenter] handleUserJoin {vids: Array(1), vidsLength: 1, viewingUserLength: 3} @ https://res.wx.qq.com/d/doc/js/feature-pc-9270-5c438eda.js:0
[  110890ms] [INFO] [CollabCenter] handleUserLeave [13102670936120653] @ https://res.wx.qq.com/d/doc/js/feature-pc-9270-5c438eda.js:0
[  137829ms] [INFO] [CollabCenter] handleNetStatusChange {online: true, currentOnline: true} @ https://res.wx.qq.com/d/doc/js/feature-pc-9270-5c438eda.js:0
[  197815ms] [INFO] [CollabCenter] handleNetStatusChange {online: true, currentOnline: true} @ https://res.wx.qq.com/d/doc/js/feature-pc-9270-5c438eda.js:0
[  198877ms] [WARNING] awaitload Symbol(feature:wxwork_company_card) @ https://res.wx.qq.com/d/doc/js/public-firstload-pc-bc7daab7-60b25f25.js:0
[  198951ms] [WARNING] awaitload Symbol(feature:wxwork_member_contact_card) @ https://res.wx.qq.com/d/doc/js/public-firstload-pc-bc7daab7-60b25f25.js:0
[  198954ms] [LOG] open_url 参数》》》》》》 https://doc.weixin.qq.com/doc/w3_AW8AXwbwAN0CN6ll9k5xPRQ6ay1Z0?scode=AEAAkAegAFMmU0lKUoAW8AXwbwAN0 undefined undefined false false false false false false false undefined undefined undefined {url: https://doc.weixin.qq.com/doc/w3_AW8AXwbwAN0CN6ll9k5xPRQ6ay1Z0?scode=AEAAkAegAFMmU0lKUoAW8AXwbwAN0} {url: https://doc.weixin.qq.com/doc/w3_AW8AXwbwAN0CN6ll9k5xPRQ6ay1Z0?scode=AEAAkAegAFMmU0lKUoAW8AXwbwAN0, callback: undefined} @ https://res.wx.qq.com/d/doc/js/public-common-2997edf1.js:1
[  199027ms] [LOG] comment_redux_store_log {type: commentUI/update, payload: Object} @ https://res.wx.qq.com/d/doc/js/feature-pc-level1-049a0263.js:1
[  256687ms] [INFO] [CollabCenter] handleUserJoin {vids: Array(1), vidsLength: 1, viewingUserLength: 3} @ https://res.wx.qq.com/d/doc/js/feature-pc-9270-5c438eda.js:0
[  257812ms] [INFO] [CollabCenter] handleNetStatusChange {online: true, currentOnline: true} @ https://res.wx.qq.com/d/doc/js/feature-pc-9270-5c438eda.js:0
[  286216ms] [INFO] [CollabCenter] handleUserLeave [13102670936120653] @ https://res.wx.qq.com/d/doc/js/feature-pc-9270-5c438eda.js:0
[  317836ms] [INFO] [CollabCenter] handleNetStatusChange {online: true, currentOnline: true} @ https://res.wx.qq.com/d/doc/js/feature-pc-9270-5c438eda.js:0
[  339724ms] [LOG] [2026-06-09T21:01:20.162] [DEBUG] [ConnectionControllerService] -  [Object] @ https://res.wx.qq.com/d/doc/js/feature-pc-38207-bab0814e.js:1
[  339725ms] [INFO] [CollabCenter] handleCollabChange {add: Array(1), count: 9326, type: collab_update} @ https://res.wx.qq.com/d/doc/js/feature-pc-9270-5c438eda.js:0
[  339923ms] [LOG] [2026-06-09T21:01:20.362] [DEBUG] [ConnectionControllerService] -  [Object] @ https://res.wx.qq.com/d/doc/js/feature-pc-38207-bab0814e.js:1
[  342603ms] [INFO] [CollabCenter] handleUserJoin {vids: Array(0), vidsLength: 0, viewingUserLength: 3} @ https://res.wx.qq.com/d/doc/js/feature-pc-9270-5c438eda.js:0
[  345260ms] [INFO] [CollabCenter] handleUserLeave [16321258] @ https://res.wx.qq.com/d/doc/js/feature-pc-9270-5c438eda.js:0
[  347655ms] [INFO] [CollabCenter] handleUserJoin {vids: Array(1), vidsLength: 1, viewingUserLength: 3} @ https://res.wx.qq.com/d/doc/js/feature-pc-9270-5c438eda.js:0
[  355607ms] [INFO] [CollabCenter] handleUserJoin {vids: Array(1), vidsLength: 1, viewingUserLength: 4} @ https://res.wx.qq.com/d/doc/js/feature-pc-9270-5c438eda.js:0
[  360607ms] [INFO] [CollabCenter] handleUserJoin {vids: Array(0), vidsLength: 0, viewingUserLength: 5} @ https://res.wx.qq.com/d/doc/js/feature-pc-9270-5c438eda.js:0
[  366781ms] [INFO] [CollabCenter] handleUserLeave [16321258] @ https://res.wx.qq.com/d/doc/js/feature-pc-9270-5c438eda.js:0
[  377875ms] [INFO] [CollabCenter] handleNetStatusChange {online: true, currentOnline: true} @ https://res.wx.qq.com/d/doc/js/feature-pc-9270-5c438eda.js:0
[  437797ms] [INFO] [CollabCenter] handleNetStatusChange {online: true, currentOnline: true} @ https://res.wx.qq.com/d/doc/js/feature-pc-9270-5c438eda.js:0
[  452129ms] [INFO] [CollabCenter] handleUserJoin {vids: Array(0), vidsLength: 0, viewingUserLength: 5} @ https://res.wx.qq.com/d/doc/js/feature-pc-9270-5c438eda.js:0
[  497843ms] [INFO] [CollabCenter] handleNetStatusChange {online: true, currentOnline: true} @ https://res.wx.qq.com/d/doc/js/feature-pc-9270-5c438eda.js:0
[  522667ms] [INFO] [CollabCenter] handleUserLeave [13102669882491713] @ https://res.wx.qq.com/d/doc/js/feature-pc-9270-5c438eda.js:0
[  527224ms] [INFO] [CollabCenter] handleUserLeave [16321258] @ https://res.wx.qq.com/d/doc/js/feature-pc-9270-5c438eda.js:0
[  547677ms] [INFO] [CollabCenter] handleUserJoin {vids: Array(0), vidsLength: 0, viewingUserLength: 4} @ https://res.wx.qq.com/d/doc/js/feature-pc-9270-5c438eda.js:0
[  548928ms] [INFO] [CollabCenter] handleUserLeave [16321258] @ https://res.wx.qq.com/d/doc/js/feature-pc-9270-5c438eda.js:0
[  557813ms] [INFO] [CollabCenter] handleNetStatusChange {online: true, currentOnline: true} @ https://res.wx.qq.com/d/doc/js/feature-pc-9270-5c438eda.js:0
[  574911ms] [INFO] [CollabCenter] handleUserJoin {vids: Array(1), vidsLength: 1, viewingUserLength: 4} @ https://res.wx.qq.com/d/doc/js/feature-pc-9270-5c438eda.js:0
[  595698ms] [INFO] [CollabCenter] handleUserLeave [13102670936120653] @ https://res.wx.qq.com/d/doc/js/feature-pc-9270-5c438eda.js:0
[  596932ms] [INFO] [CollabCenter] handleUserLeave [13102669826957973] @ https://res.wx.qq.com/d/doc/js/feature-pc-9270-5c438eda.js:0
[  617818ms] [INFO] [CollabCenter] handleNetStatusChange {online: true, currentOnline: true} @ https://res.wx.qq.com/d/doc/js/feature-pc-9270-5c438eda.js:0
[  633281ms] [INFO] [CollabCenter] handleUserJoin {vids: Array(1), vidsLength: 1, viewingUserLength: 3} @ https://res.wx.qq.com/d/doc/js/feature-pc-9270-5c438eda.js:0
[  636455ms] [WARNING] Blocked aria-hidden on an element because its descendant retained focus. The focus must not be hidden from assistive technology users. Avoid using aria-hidden on a focused element or its ancestor. Consider using the inert attribute instead, which will also prevent focus. For more details, see the aria-hidden section of the WAI-ARIA specification at https://w3c.github.io/aria/#aria-hidden.
Element with focus: <div#melo-hidden-editor>
Ancestor with aria-hidden: <div.hidden-editor> @ https://doc.weixin.qq.com/doc/w3_AVcARQbxADcCNCAU7PjaSSXeg9vrI?scode=AEAAkAegAFMt3ehnv9AVcARQbxADc:0
[  640815ms] [INFO] [CollabCenter] handleUserLeave [13102672051727307] @ https://res.wx.qq.com/d/doc/js/feature-pc-9270-5c438eda.js:0
[  677821ms] [INFO] [CollabCenter] handleNetStatusChange {online: true, currentOnline: true} @ https://res.wx.qq.com/d/doc/js/feature-pc-9270-5c438eda.js:0
[  683339ms] [INFO] [CollabCenter] handleUserJoin {vids: Array(1), vidsLength: 1, viewingUserLength: 3} @ https://res.wx.qq.com/d/doc/js/feature-pc-9270-5c438eda.js:0
[  717934ms] [INFO] [CollabCenter] handleUserLeave [13102672051727307] @ https://res.wx.qq.com/d/doc/js/feature-pc-9270-5c438eda.js:0
[  737825ms] [INFO] [CollabCenter] handleNetStatusChange {online: true, currentOnline: true} @ https://res.wx.qq.com/d/doc/js/feature-pc-9270-5c438eda.js:0
[  797825ms] [INFO] [CollabCenter] handleNetStatusChange {online: true, currentOnline: true} @ https://res.wx.qq.com/d/doc/js/feature-pc-9270-5c438eda.js:0
[  852632ms] [INFO] [CollabCenter] handleUserLeave [13102673620066798] @ https://res.wx.qq.com/d/doc/js/feature-pc-9270-5c438eda.js:0
[  857681ms] [INFO] [CollabCenter] handleUserJoin {vids: Array(1), vidsLength: 1, viewingUserLength: 2} @ https://res.wx.qq.com/d/doc/js/feature-pc-9270-5c438eda.js:0
[  857812ms] [INFO] [CollabCenter] handleNetStatusChange {online: true, currentOnline: true} @ https://res.wx.qq.com/d/doc/js/feature-pc-9270-5c438eda.js:0
[  917802ms] [INFO] [CollabCenter] handleNetStatusChange {online: true, currentOnline: true} @ https://res.wx.qq.com/d/doc/js/feature-pc-9270-5c438eda.js:0
[  972040ms] [INFO] [CollabCenter] handleUserLeave [13102671212998651] @ https://res.wx.qq.com/d/doc/js/feature-pc-9270-5c438eda.js:0
[  975761ms] [INFO] [CollabCenter] handleUserJoin {vids: Array(1), vidsLength: 1, viewingUserLength: 2} @ https://res.wx.qq.com/d/doc/js/feature-pc-9270-5c438eda.js:0
[  977918ms] [INFO] [CollabCenter] handleNetStatusChange {online: true, currentOnline: true} @ https://res.wx.qq.com/d/doc/js/feature-pc-9270-5c438eda.js:0
[ 1037886ms] [INFO] [CollabCenter] handleNetStatusChange {online: true, currentOnline: true} @ https://res.wx.qq.com/d/doc/js/feature-pc-9270-5c438eda.js:0
[ 1092697ms] [INFO] [CollabCenter] handleUserLeave [13102673620066798] @ https://res.wx.qq.com/d/doc/js/feature-pc-9270-5c438eda.js:0
[ 1094555ms] [INFO] [CollabCenter] handleUserJoin {vids: Array(1), vidsLength: 1, viewingUserLength: 2} @ https://res.wx.qq.com/d/doc/js/feature-pc-9270-5c438eda.js:0
[ 1097820ms] [INFO] [CollabCenter] handleNetStatusChange {online: true, currentOnline: true} @ https://res.wx.qq.com/d/doc/js/feature-pc-9270-5c438eda.js:0
[ 1157865ms] [INFO] [CollabCenter] handleNetStatusChange {online: true, currentOnline: true} @ https://res.wx.qq.com/d/doc/js/feature-pc-9270-5c438eda.js:0
[ 1194616ms] [INFO] [CollabCenter] handleUserJoin {vids: Array(1), vidsLength: 1, viewingUserLength: 3} @ https://res.wx.qq.com/d/doc/js/feature-pc-9270-5c438eda.js:0
[ 1195632ms] [INFO] [CollabCenter] handleUserLeave [13102670936120653] @ https://res.wx.qq.com/d/doc/js/feature-pc-9270-5c438eda.js:0
[ 1217819ms] [INFO] [CollabCenter] handleNetStatusChange {online: true, currentOnline: true} @ https://res.wx.qq.com/d/doc/js/feature-pc-9270-5c438eda.js:0
[ 1277817ms] [INFO] [CollabCenter] handleNetStatusChange {online: true, currentOnline: true} @ https://res.wx.qq.com/d/doc/js/feature-pc-9270-5c438eda.js:0
[ 1335170ms] [INFO] [CollabCenter] handleUserJoin {vids: Array(1), vidsLength: 1, viewingUserLength: 3} @ https://res.wx.qq.com/d/doc/js/feature-pc-9270-5c438eda.js:0
[ 1337819ms] [INFO] [CollabCenter] handleNetStatusChange {online: true, currentOnline: true} @ https://res.wx.qq.com/d/doc/js/feature-pc-9270-5c438eda.js:0
[ 1343309ms] [INFO] [CollabCenter] handleUserLeave [13102673802426102] @ https://res.wx.qq.com/d/doc/js/feature-pc-9270-5c438eda.js:0
[ 1381014ms] [INFO] [CollabCenter] handleUserJoin {vids: Array(1), vidsLength: 1, viewingUserLength: 3} @ https://res.wx.qq.com/d/doc/js/feature-pc-9270-5c438eda.js:0
[ 1387086ms] [INFO] [CollabCenter] handleUserJoin {vids: Array(1), vidsLength: 1, viewingUserLength: 4} @ https://res.wx.qq.com/d/doc/js/feature-pc-9270-5c438eda.js:0
[ 1388684ms] [INFO] [CollabCenter] handleUserLeave [13102673802426102] @ https://res.wx.qq.com/d/doc/js/feature-pc-9270-5c438eda.js:0
[ 1395128ms] [INFO] [CollabCenter] handleUserLeave [13102672051727307] @ https://res.wx.qq.com/d/doc/js/feature-pc-9270-5c438eda.js:0
[ 1397869ms] [INFO] [CollabCenter] handleNetStatusChange {online: true, currentOnline: true} @ https://res.wx.qq.com/d/doc/js/feature-pc-9270-5c438eda.js:0
[ 1457829ms] [INFO] [CollabCenter] handleNetStatusChange {online: true, currentOnline: true} @ https://res.wx.qq.com/d/doc/js/feature-pc-9270-5c438eda.js:0
[ 1469022ms] [INFO] [CollabCenter] handleUserJoin {vids: Array(1), vidsLength: 1, viewingUserLength: 3} @ https://res.wx.qq.com/d/doc/js/feature-pc-9270-5c438eda.js:0
[ 1476254ms] [INFO] [CollabCenter] handleUserLeave [13102673802426102] @ https://res.wx.qq.com/d/doc/js/feature-pc-9270-5c438eda.js:0
[ 1517802ms] [INFO] [CollabCenter] handleNetStatusChange {online: true, currentOnline: true} @ https://res.wx.qq.com/d/doc/js/feature-pc-9270-5c438eda.js:0
[ 1527413ms] [INFO] [CollabCenter] handleUserJoin {vids: Array(1), vidsLength: 1, viewingUserLength: 3} @ https://res.wx.qq.com/d/doc/js/feature-pc-9270-5c438eda.js:0
[ 1537679ms] [INFO] [CollabCenter] handleUserLeave [13102672605206688] @ https://res.wx.qq.com/d/doc/js/feature-pc-9270-5c438eda.js:0
[ 1577839ms] [INFO] [CollabCenter] handleNetStatusChange {online: true, currentOnline: true} @ https://res.wx.qq.com/d/doc/js/feature-pc-9270-5c438eda.js:0
[ 1615434ms] [INFO] [CollabCenter] handleUserJoin {vids: Array(1), vidsLength: 1, viewingUserLength: 3} @ https://res.wx.qq.com/d/doc/js/feature-pc-9270-5c438eda.js:0
[ 1621137ms] [INFO] [CollabCenter] handleUserLeave [13102672051727307] @ https://res.wx.qq.com/d/doc/js/feature-pc-9270-5c438eda.js:0
[ 1637839ms] [INFO] [CollabCenter] handleNetStatusChange {online: true, currentOnline: true} @ https://res.wx.qq.com/d/doc/js/feature-pc-9270-5c438eda.js:0
[ 1697857ms] [INFO] [CollabCenter] handleNetStatusChange {online: true, currentOnline: true} @ https://res.wx.qq.com/d/doc/js/feature-pc-9270-5c438eda.js:0
[ 1705052ms] [INFO] [CollabCenter] handleUserLeave [13102670859597100] @ https://res.wx.qq.com/d/doc/js/feature-pc-9270-5c438eda.js:0
[ 1709855ms] [INFO] [CollabCenter] handleUserJoin {vids: Array(1), vidsLength: 1, viewingUserLength: 3} @ https://res.wx.qq.com/d/doc/js/feature-pc-9270-5c438eda.js:0
[ 1757844ms] [INFO] [CollabCenter] handleNetStatusChange {online: true, currentOnline: true} @ https://res.wx.qq.com/d/doc/js/feature-pc-9270-5c438eda.js:0
[ 1780920ms] [INFO] [CollabCenter] handleUserJoin {vids: Array(1), vidsLength: 1, viewingUserLength: 3} @ https://res.wx.qq.com/d/doc/js/feature-pc-9270-5c438eda.js:0
[ 1785565ms] [INFO] [CollabCenter] handleUserLeave [13102669791334460] @ https://res.wx.qq.com/d/doc/js/feature-pc-9270-5c438eda.js:0
[ 1799028ms] [INFO] [CollabCenter] handleUserLeave [13102669791334460] @ https://res.wx.qq.com/d/doc/js/feature-pc-9270-5c438eda.js:0
[ 1799180ms] [INFO] [CollabCenter] handleUserJoin {vids: Array(1), vidsLength: 1, viewingUserLength: 3} @ https://res.wx.qq.com/d/doc/js/feature-pc-9270-5c438eda.js:0
[ 1817799ms] [INFO] [CollabCenter] handleNetStatusChange {online: true, currentOnline: true} @ https://res.wx.qq.com/d/doc/js/feature-pc-9270-5c438eda.js:0
[ 1822045ms] [INFO] [CollabCenter] handleUserJoin {vids: Array(0), vidsLength: 0, viewingUserLength: 4} @ https://res.wx.qq.com/d/doc/js/feature-pc-9270-5c438eda.js:0
[ 1827216ms] [INFO] [CollabCenter] handleUserJoin {vids: Array(1), vidsLength: 1, viewingUserLength: 4} @ https://res.wx.qq.com/d/doc/js/feature-pc-9270-5c438eda.js:0
[ 1827800ms] [INFO] [CollabCenter] handleUserLeave [13102669791334460] @ https://res.wx.qq.com/d/doc/js/feature-pc-9270-5c438eda.js:0
[ 1827974ms] [INFO] [CollabCenter] handleUserLeave [13102672605206688] @ https://res.wx.qq.com/d/doc/js/feature-pc-9270-5c438eda.js:0
[ 1877819ms] [INFO] [CollabCenter] handleNetStatusChange {online: true, currentOnline: true} @ https://res.wx.qq.com/d/doc/js/feature-pc-9270-5c438eda.js:0
[ 1937950ms] [INFO] [CollabCenter] handleNetStatusChange {online: true, currentOnline: true} @ https://res.wx.qq.com/d/doc/js/feature-pc-9270-5c438eda.js:0
[ 1997862ms] [INFO] [CollabCenter] handleNetStatusChange {online: true, currentOnline: true} @ https://res.wx.qq.com/d/doc/js/feature-pc-9270-5c438eda.js:0
[ 2057821ms] [INFO] [CollabCenter] handleNetStatusChange {online: true, currentOnline: true} @ https://res.wx.qq.com/d/doc/js/feature-pc-9270-5c438eda.js:0
[ 2065026ms] [INFO] [CollabCenter] handleUserLeave [13102670859597100] @ https://res.wx.qq.com/d/doc/js/feature-pc-9270-5c438eda.js:0
[ 2068767ms] [INFO] [CollabCenter] handleUserJoin {vids: Array(1), vidsLength: 1, viewingUserLength: 3} @ https://res.wx.qq.com/d/doc/js/feature-pc-9270-5c438eda.js:0
[ 2080187ms] [INFO] [CollabCenter] handleUserJoin {vids: Array(1), vidsLength: 1, viewingUserLength: 3} @ https://res.wx.qq.com/d/doc/js/feature-pc-9270-5c438eda.js:0
[ 2082999ms] [INFO] [CollabCenter] handleUserLeave [13102672051727307] @ https://res.wx.qq.com/d/doc/js/feature-pc-9270-5c438eda.js:0
[ 2117817ms] [INFO] [CollabCenter] handleNetStatusChange {online: true, currentOnline: true} @ https://res.wx.qq.com/d/doc/js/feature-pc-9270-5c438eda.js:0
[ 2177811ms] [INFO] [CollabCenter] handleNetStatusChange {online: true, currentOnline: true} @ https://res.wx.qq.com/d/doc/js/feature-pc-9270-5c438eda.js:0
[ 2216933ms] [INFO] [CollabCenter] handleUserJoin {vids: Array(0), vidsLength: 0, viewingUserLength: 3} @ https://res.wx.qq.com/d/doc/js/feature-pc-9270-5c438eda.js:0
[ 2224025ms] [INFO] [CollabCenter] handleUserLeave [13102670859597100] @ https://res.wx.qq.com/d/doc/js/feature-pc-9270-5c438eda.js:0
[ 2237799ms] [INFO] [CollabCenter] handleNetStatusChange {online: true, currentOnline: true} @ https://res.wx.qq.com/d/doc/js/feature-pc-9270-5c438eda.js:0
[ 2297797ms] [INFO] [CollabCenter] handleNetStatusChange {online: true, currentOnline: true} @ https://res.wx.qq.com/d/doc/js/feature-pc-9270-5c438eda.js:0
[ 2357821ms] [INFO] [CollabCenter] handleNetStatusChange {online: true, currentOnline: true} @ https://res.wx.qq.com/d/doc/js/feature-pc-9270-5c438eda.js:0
[ 2363442ms] [INFO] [CollabCenter] handleUserJoin {vids: Array(1), vidsLength: 1, viewingUserLength: 3} @ https://res.wx.qq.com/d/doc/js/feature-pc-9270-5c438eda.js:0
[ 2397799ms] [INFO] [CollabCenter] handleUserJoin {vids: Array(1), vidsLength: 1, viewingUserLength: 4} @ https://res.wx.qq.com/d/doc/js/feature-pc-9270-5c438eda.js:0
[ 2417825ms] [INFO] [CollabCenter] handleNetStatusChange {online: true, currentOnline: true} @ https://res.wx.qq.com/d/doc/js/feature-pc-9270-5c438eda.js:0
[ 2442168ms] [INFO] [CollabCenter] handleUserLeave [13102670859597100] @ https://res.wx.qq.com/d/doc/js/feature-pc-9270-5c438eda.js:0
[ 2477793ms] [INFO] [CollabCenter] handleNetStatusChange {online: true, currentOnline: true} @ https://res.wx.qq.com/d/doc/js/feature-pc-9270-5c438eda.js:0
[ 2537811ms] [INFO] [CollabCenter] handleNetStatusChange {online: true, currentOnline: true} @ https://res.wx.qq.com/d/doc/js/feature-pc-9270-5c438eda.js:0
[ 2542918ms] [INFO] [CollabCenter] handleUserLeave [13102669882491713] @ https://res.wx.qq.com/d/doc/js/feature-pc-9270-5c438eda.js:0
[ 2597816ms] [INFO] [CollabCenter] handleNetStatusChange {online: true, currentOnline: true} @ https://res.wx.qq.com/d/doc/js/feature-pc-9270-5c438eda.js:0
[ 2604978ms] [INFO] [CollabCenter] handleUserLeave [13102670859597100] @ https://res.wx.qq.com/d/doc/js/feature-pc-9270-5c438eda.js:0
[ 2607790ms] [INFO] [CollabCenter] handleUserJoin {vids: Array(1), vidsLength: 1, viewingUserLength: 3} @ https://res.wx.qq.com/d/doc/js/feature-pc-9270-5c438eda.js:0
[ 2655918ms] [INFO] [CollabCenter] handleUserJoin {vids: Array(0), vidsLength: 0, viewingUserLength: 3} @ https://res.wx.qq.com/d/doc/js/feature-pc-9270-5c438eda.js:0
[ 2657808ms] [INFO] [CollabCenter] handleNetStatusChange {online: true, currentOnline: true} @ https://res.wx.qq.com/d/doc/js/feature-pc-9270-5c438eda.js:0
[ 2717822ms] [INFO] [CollabCenter] handleNetStatusChange {online: true, currentOnline: true} @ https://res.wx.qq.com/d/doc/js/feature-pc-9270-5c438eda.js:0
[ 2777825ms] [INFO] [CollabCenter] handleNetStatusChange {online: true, currentOnline: true} @ https://res.wx.qq.com/d/doc/js/feature-pc-9270-5c438eda.js:0
[ 2832801ms] [INFO] [CollabCenter] handleUserLeave [13102670859597100] @ https://res.wx.qq.com/d/doc/js/feature-pc-9270-5c438eda.js:0
[ 2832803ms] [INFO] [CollabCenter] handleUserLeave [13102673620066798] @ https://res.wx.qq.com/d/doc/js/feature-pc-9270-5c438eda.js:0
[ 2836794ms] [INFO] [CollabCenter] handleUserJoin {vids: Array(1), vidsLength: 1, viewingUserLength: 2} @ https://res.wx.qq.com/d/doc/js/feature-pc-9270-5c438eda.js:0
[ 2837809ms] [INFO] [CollabCenter] handleNetStatusChange {online: true, currentOnline: true} @ https://res.wx.qq.com/d/doc/js/feature-pc-9270-5c438eda.js:0
[ 2897846ms] [INFO] [CollabCenter] handleNetStatusChange {online: true, currentOnline: true} @ https://res.wx.qq.com/d/doc/js/feature-pc-9270-5c438eda.js:0
[ 2957838ms] [INFO] [CollabCenter] handleNetStatusChange {online: true, currentOnline: true} @ https://res.wx.qq.com/d/doc/js/feature-pc-9270-5c438eda.js:0
[ 3017819ms] [INFO] [CollabCenter] handleNetStatusChange {online: true, currentOnline: true} @ https://res.wx.qq.com/d/doc/js/feature-pc-9270-5c438eda.js:0
[ 3072101ms] [INFO] [CollabCenter] handleUserLeave [13102671212998651] @ https://res.wx.qq.com/d/doc/js/feature-pc-9270-5c438eda.js:0
[ 3077844ms] [INFO] [CollabCenter] handleNetStatusChange {online: true, currentOnline: true} @ https://res.wx.qq.com/d/doc/js/feature-pc-9270-5c438eda.js:0
[ 3078793ms] [INFO] [CollabCenter] handleUserJoin {vids: Array(1), vidsLength: 1, viewingUserLength: 2} @ https://res.wx.qq.com/d/doc/js/feature-pc-9270-5c438eda.js:0
[ 3137817ms] [INFO] [CollabCenter] handleNetStatusChange {online: true, currentOnline: true} @ https://res.wx.qq.com/d/doc/js/feature-pc-9270-5c438eda.js:0
[ 3192893ms] [INFO] [CollabCenter] handleUserLeave [13102673620066798] @ https://res.wx.qq.com/d/doc/js/feature-pc-9270-5c438eda.js:0
[ 3195643ms] [INFO] [CollabCenter] handleUserJoin {vids: Array(1), vidsLength: 1, viewingUserLength: 2} @ https://res.wx.qq.com/d/doc/js/feature-pc-9270-5c438eda.js:0
[ 3197850ms] [INFO] [CollabCenter] handleNetStatusChange {online: true, currentOnline: true} @ https://res.wx.qq.com/d/doc/js/feature-pc-9270-5c438eda.js:0
[ 3227394ms] [INFO] [CollabCenter] handleUserLeave [13102670859597100] @ https://res.wx.qq.com/d/doc/js/feature-pc-9270-5c438eda.js:0
[ 3243993ms] [INFO] [CollabCenter] handleUserJoin {vids: Array(1), vidsLength: 1, viewingUserLength: 3} @ https://res.wx.qq.com/d/doc/js/feature-pc-9270-5c438eda.js:0
[ 3252848ms] [INFO] [CollabCenter] handleUserLeave [13102669618340954] @ https://res.wx.qq.com/d/doc/js/feature-pc-9270-5c438eda.js:0
[ 3257846ms] [INFO] [CollabCenter] handleNetStatusChange {online: true, currentOnline: true} @ https://res.wx.qq.com/d/doc/js/feature-pc-9270-5c438eda.js:0
[ 3296556ms] [INFO] [CollabCenter] handleUserJoin {vids: Array(1), vidsLength: 1, viewingUserLength: 3} @ https://res.wx.qq.com/d/doc/js/feature-pc-9270-5c438eda.js:0
[ 3317805ms] [INFO] [CollabCenter] handleNetStatusChange {online: true, currentOnline: true} @ https://res.wx.qq.com/d/doc/js/feature-pc-9270-5c438eda.js:0
[ 3324042ms] [INFO] [CollabCenter] handleUserJoin {vids: Array(1), vidsLength: 1, viewingUserLength: 4} @ https://res.wx.qq.com/d/doc/js/feature-pc-9270-5c438eda.js:0
[ 3342768ms] [INFO] [CollabCenter] handleUserLeave [13102669618340954] @ https://res.wx.qq.com/d/doc/js/feature-pc-9270-5c438eda.js:0
[ 3356315ms] [LOG] [2026-06-09T21:51:36.753] [DEBUG] [ConnectionControllerService] -  [Object] @ https://res.wx.qq.com/d/doc/js/feature-pc-38207-bab0814e.js:1
[ 3356315ms] [INFO] [CollabCenter] handleCollabChange {add: Array(1), count: 9327, type: collab_update} @ https://res.wx.qq.com/d/doc/js/feature-pc-9270-5c438eda.js:0
[ 3356466ms] [INFO] [CollabCenter] handleUserJoin {vids: Array(1), vidsLength: 1, viewingUserLength: 3} @ https://res.wx.qq.com/d/doc/js/feature-pc-9270-5c438eda.js:0
[ 3356498ms] [LOG] [2026-06-09T21:51:36.936] [DEBUG] [ConnectionControllerService] -  [Object] @ https://res.wx.qq.com/d/doc/js/feature-pc-38207-bab0814e.js:1
[ 3370754ms] [INFO] [CollabCenter] handleUserLeave [13102671278993901] @ https://res.wx.qq.com/d/doc/js/feature-pc-9270-5c438eda.js:0
[ 3377855ms] [INFO] [CollabCenter] handleNetStatusChange {online: true, currentOnline: true} @ https://res.wx.qq.com/d/doc/js/feature-pc-9270-5c438eda.js:0
[ 3437814ms] [INFO] [CollabCenter] handleNetStatusChange {online: true, currentOnline: true} @ https://res.wx.qq.com/d/doc/js/feature-pc-9270-5c438eda.js:0
[ 3492872ms] [INFO] [CollabCenter] handleUserLeave [13102673620066798] @ https://res.wx.qq.com/d/doc/js/feature-pc-9270-5c438eda.js:0
[ 3497836ms] [INFO] [CollabCenter] handleNetStatusChange {online: true, currentOnline: true} @ https://res.wx.qq.com/d/doc/js/feature-pc-9270-5c438eda.js:0
[ 3499642ms] [INFO] [CollabCenter] handleUserJoin {vids: Array(1), vidsLength: 1, viewingUserLength: 2} @ https://res.wx.qq.com/d/doc/js/feature-pc-9270-5c438eda.js:0
[ 3516079ms] [INFO] [CollabCenter] handleUserJoin {vids: Array(0), vidsLength: 0, viewingUserLength: 3} @ https://res.wx.qq.com/d/doc/js/feature-pc-9270-5c438eda.js:0
[ 3516635ms] [INFO] [CollabCenter] handleUserLeave [13102670859597100] @ https://res.wx.qq.com/d/doc/js/feature-pc-9270-5c438eda.js:0
[ 3557831ms] [INFO] [CollabCenter] handleNetStatusChange {online: true, currentOnline: true} @ https://res.wx.qq.com/d/doc/js/feature-pc-9270-5c438eda.js:0
